campaign_id,course_campaign_name,campaign_agenda,campaign_category,campaign_agenda_sent,campaign_agenda_open,campaign_agenda_click,campaign_agenda_unsubscribe,digital_marketing_team,course_campaign_start_date
8077364845,email_podcasting_86,click_on_email,new_course_added,98,23,10,2,ind_vtz_digex,5/1/2022
4802222440,email_email_marketing_121,open_link,marketing,98,24,11,3,ind_stv_digex,5/1/2022
3134692627,email_copywriting_16,open_link,new_course_added,98,25,11,4,ind_stv_digex,5/5/2022
2532503475,email_email_marketing_18,click_on_email,new_course_added,99,22,15,3,ind_bdq_digex,5/4/2022
3709754291,email_podcasting_14,open_link,new_course_added,98,23,13,1,ind_vtz_digex,5/8/2022
3897419106,email_google_analytics_79,open_link,marketing,98,20,13,3,ind_ccu_digex,5/7/2022
6911279666,email_copywriting_1,open_link,marketing,98,22,11,3,ind_del_digex,5/4/2022
9281260948,email_youtube_marketing_177,register_to_course,marketing,100,22,11,3,ind_vtz_digex,5/2/2022
6998082444,email_podcasting_107,register_to_course,new_course_added,99,25,14,3,ind_bdq_digex,5/8/2022
6003891300,email_email_marketing_107,open_link,marketing,100,23,10,3,ind_vtz_digex,5/3/2022
6388132782,email_internet_marketing_87,open_link,marketing,99,21,11,4,ind_vtz_digex,5/5/2022
5617322443,email_youtube_marketing_7,open_link,marketing,100,23,15,3,ind_bdq_digex,5/4/2022
0601734068,email_podcasting_136,register_to_course,new_course_added,99,20,12,3,ind_vtz_digex,5/2/2022
4544864690,email_podcasting_109,open_link,new_course_added,98,25,12,2,ind_stv_digex,5/8/2022
7416569680,email_youtube_marketing_153,open_link,marketing,99,23,12,2,ind_bdq_digex,5/3/2022
1928584675,email_youtube_marketing_164,register_to_course,new_course_added,100,22,14,3,ind_vtz_digex,5/3/2022
1480479527,email_youtube_marketing_90,open_link,marketing,100,22,10,2,ind_vtz_digex,5/3/2022
5783567000,email_copywriting_180,register_to_course,marketing,99,23,11,3,ind_bdq_digex,5/7/2022
1867579030,email_youtube_marketing_198,open_link,marketing,98,21,12,2,ind_vtz_digex,5/4/2022
3102366597,email_podcasting_16,click_on_email,marketing,99,21,12,3,ind_vtz_digex,5/5/2022
3060504261,email_podcasting_116,register_to_course,marketing,98,23,14,3,ind_stv_digex,5/7/2022
2162878828,email_google_analytics_179,register_to_course,marketing,98,24,12,4,ind_vtz_digex,5/6/2022
6432545579,email_email_marketing_190,click_on_email,new_course_added,100,24,11,2,ind_vtz_digex,5/2/2022
9048874858,email_podcasting_126,open_link,marketing,98,23,10,2,ind_vtz_digex,5/8/2022
7241006844,email_email_marketing_95,click_on_email,marketing,98,21,11,2,ind_stv_digex,5/2/2022
7535659799,email_podcasting_110,open_link,marketing,99,25,10,4,ind_stv_digex,5/3/2022
4963013290,email_youtube_marketing_54,register_to_course,marketing,100,20,12,3,ind_vtz_digex,5/2/2022
2893032273,email_podcasting_157,open_link,marketing,100,21,15,3,ind_stv_digex,5/6/2022
8057699612,email_youtube_marketing_157,click_on_email,marketing,98,20,13,1,ind_bdq_digex,5/6/2022
4942708567,email_email_marketing_136,open_link,new_course_added,99,22,11,3,ind_vtz_digex,5/3/2022
8650639089,email_youtube_marketing_50,click_on_email,new_course_added,99,20,12,3,ind_bdq_digex,5/8/2022
5084781623,email_google_analytics_21,register_to_course,marketing,100,22,14,3,ind_bdq_digex,5/2/2022
4628233950,email_podcasting_172,open_link,marketing,98,25,11,2,ind_vtz_digex,5/7/2022
7192004936,email_youtube_marketing_25,open_link,marketing,98,20,11,3,ind_vtz_digex,5/6/2022
7907348498,email_email_marketing_200,open_link,new_course_added,98,25,14,1,ind_stv_digex,5/2/2022
1598546066,email_youtube_marketing_62,open_link,marketing,100,20,13,4,ind_vtz_digex,5/5/2022
1791245145,email_youtube_marketing_147,register_to_course,marketing,98,24,13,4,ind_vtz_digex,5/6/2022
0786931329,email_podcasting_195,open_link,marketing,100,21,12,3,ind_vtz_digex,5/1/2022
8068015779,email_podcasting_183,register_to_course,marketing,99,22,11,3,ind_vtz_digex,5/7/2022
4578237990,email_podcasting_185,click_on_email,new_course_added,98,21,10,3,ind_vtz_digex,5/7/2022
4042659861,email_email_marketing_130,open_link,new_course_added,98,25,10,4,ind_vtz_digex,5/4/2022
6875596261,email_podcasting_47,click_on_email,marketing,99,22,13,1,ind_bdq_digex,5/6/2022
3551221847,email_email_marketing_52,click_on_email,marketing,100,25,15,3,ind_bdq_digex,5/1/2022
6044547086,email_podcasting_154,click_on_email,new_course_added,99,24,15,3,ind_vtz_digex,5/2/2022
8484660176,email_email_marketing_59,open_link,marketing,98,24,11,4,ind_bdq_digex,5/4/2022
9935521389,email_podcasting_18,register_to_course,marketing,98,23,15,4,ind_bdq_digex,5/1/2022
8655998052,email_podcasting_39,open_link,marketing,98,22,10,3,ind_bdq_digex,5/3/2022
7596535194,email_email_marketing_91,open_link,new_course_added,100,24,14,2,ind_bdq_digex,5/8/2022
2932173162,email_copywriting_29,open_link,marketing,98,22,14,2,ind_bdq_digex,5/5/2022
6975373205,email_email_marketing_4,open_link,new_course_added,100,23,15,2,ind_vtz_digex,5/7/2022
1038417538,email_podcasting_134,register_to_course,new_course_added,99,22,11,3,ind_stv_digex,5/2/2022
3632768978,email_youtube_marketing_48,register_to_course,marketing,99,24,12,1,ind_vtz_digex,5/7/2022
0107425432,email_podcasting_170,click_on_email,marketing,98,22,11,3,ind_myq_digex,5/3/2022
1791595359,email_email_marketing_27,open_link,marketing,100,24,10,2,ind_bdq_digex,5/1/2022
2788512635,email_email_marketing_88,open_link,new_course_added,100,22,12,1,ind_stv_digex,5/3/2022
6897119199,email_podcasting_167,register_to_course,marketing,99,23,12,4,ind_del_digex,5/8/2022
9015394873,email_podcasting_4,open_link,marketing,99,25,15,4,ind_bdq_digex,5/6/2022
8239249604,email_podcasting_30,open_link,marketing,98,23,15,2,ind_vtz_digex,5/2/2022
9016975047,email_podcasting_13,register_to_course,new_course_added,99,24,12,1,ind_vtz_digex,5/4/2022
0326376488,email_podcasting_136,register_to_course,marketing,100,24,10,3,ind_vtz_digex,5/1/2022
3080796047,email_email_marketing_108,open_link,new_course_added,100,23,14,2,ind_bdq_digex,5/2/2022
5098885426,email_youtube_marketing_1,register_to_course,marketing,100,22,13,1,ind_bdq_digex,5/5/2022
8645731029,email_copywriting_190,open_link,new_course_added,100,21,11,3,ind_vtz_digex,5/1/2022
7551820256,email_podcasting_98,open_link,new_course_added,99,24,15,4,ind_vtz_digex,5/8/2022
6487388211,email_podcasting_63,open_link,marketing,100,25,13,1,ind_ccu_digex,5/1/2022
4074461544,email_youtube_marketing_171,register_to_course,new_course_added,100,20,10,3,ind_vtz_digex,5/4/2022
8099424735,email_email_marketing_96,open_link,new_course_added,98,25,10,2,ind_vtz_digex,5/7/2022
5598754908,email_podcasting_157,open_link,new_course_added,100,24,11,4,ind_vtz_digex,5/2/2022
3138146325,email_email_marketing_113,click_on_email,new_course_added,100,21,11,3,ind_vtz_digex,5/7/2022
7271535381,email_youtube_marketing_132,register_to_course,new_course_added,98,20,12,2,ind_vtz_digex,5/8/2022
4896182138,email_podcasting_126,click_on_email,new_course_added,100,22,11,3,ind_bdq_digex,5/4/2022
7864112897,email_youtube_marketing_38,click_on_email,new_course_added,99,20,12,4,ind_vtz_digex,5/6/2022
8173393206,email_copywriting_72,register_to_course,marketing,100,25,10,2,ind_vtz_digex,5/8/2022
8993638314,email_podcasting_110,click_on_email,new_course_added,100,24,11,4,ind_vtz_digex,5/1/2022
2619116082,email_copywriting_171,open_link,marketing,98,23,12,3,ind_vtz_digex,5/4/2022
1954873107,email_youtube_marketing_116,open_link,marketing,100,23,13,2,ind_vtz_digex,5/6/2022
0366340042,email_copywriting_41,register_to_course,marketing,100,23,11,2,ind_bdq_digex,5/8/2022
1487171730,email_podcasting_72,open_link,new_course_added,99,24,11,1,ind_bdq_digex,5/4/2022
9978067264,email_email_marketing_13,click_on_email,marketing,98,23,10,1,ind_vtz_digex,5/3/2022
6638933728,email_youtube_marketing_176,register_to_course,marketing,98,22,15,4,ind_bdq_digex,5/7/2022
8508594178,email_podcasting_168,open_link,marketing,99,21,14,3,ind_bdq_digex,5/2/2022
0630277095,email_podcasting_143,open_link,new_course_added,100,23,10,4,ind_vtz_digex,5/8/2022
0355653907,email_podcasting_140,open_link,marketing,100,20,12,3,ind_stv_digex,5/5/2022
0018859429,email_podcasting_170,open_link,marketing,98,25,10,4,ind_vtz_digex,5/3/2022
7146183238,email_youtube_marketing_187,click_on_email,marketing,98,20,12,1,ind_stv_digex,5/3/2022
1457568276,email_copywriting_186,open_link,new_course_added,99,25,11,4,ind_myq_digex,5/1/2022
8811850487,email_podcasting_61,open_link,marketing,99,25,13,3,ind_vtz_digex,5/6/2022
0111045304,email_podcasting_62,register_to_course,marketing,100,25,14,2,ind_bdq_digex,5/6/2022
1378307976,email_copywriting_140,open_link,new_course_added,99,24,15,3,ind_bdq_digex,5/2/2022
2981151851,email_podcasting_12,click_on_email,new_course_added,98,21,10,1,ind_vtz_digex,5/4/2022
1841623849,email_youtube_marketing_52,click_on_email,new_course_added,100,20,12,1,ind_bdq_digex,5/3/2022
2686013737,email_youtube_marketing_56,click_on_email,marketing,99,25,15,2,ind_vtz_digex,5/2/2022
0004373146,email_podcasting_7,click_on_email,marketing,100,22,11,3,ind_vtz_digex,5/3/2022
9504937217,email_email_marketing_87,open_link,new_course_added,100,22,11,2,ind_vtz_digex,5/6/2022
5938783577,email_copywriting_125,open_link,marketing,99,21,11,1,ind_vtz_digex,5/8/2022
0677845359,email_podcasting_68,open_link,marketing,98,23,14,2,ind_bdq_digex,5/3/2022
9557916117,email_podcasting_93,click_on_email,marketing,98,20,14,4,ind_vtz_digex,5/5/2022
8443998393,email_copywriting_92,click_on_email,marketing,100,24,13,3,ind_myq_digex,5/1/2022
8513247456,email_email_marketing_42,open_link,marketing,98,25,15,4,ind_vtz_digex,5/3/2022
0771278527,email_email_marketing_148,open_link,new_course_added,98,24,15,2,ind_vtz_digex,5/4/2022
6572111199,email_podcasting_197,open_link,new_course_added,100,22,15,3,ind_vtz_digex,5/2/2022
5087692958,email_youtube_marketing_97,open_link,new_course_added,98,25,13,2,ind_ccu_digex,5/8/2022
3819244077,email_podcasting_20,open_link,new_course_added,100,20,11,2,ind_vtz_digex,5/8/2022
0035686200,email_podcasting_88,open_link,new_course_added,100,23,14,2,ind_bdq_digex,5/4/2022
4744283314,email_podcasting_51,open_link,marketing,100,24,12,1,ind_vtz_digex,5/5/2022
6954694975,email_youtube_marketing_143,open_link,marketing,99,23,15,2,ind_stv_digex,5/4/2022
0635057883,email_podcasting_120,open_link,new_course_added,99,22,10,2,ind_isk_digex,5/1/2022
6739793611,email_podcasting_90,open_link,new_course_added,100,22,14,1,ind_vtz_digex,5/6/2022
7809639749,email_youtube_marketing_50,open_link,marketing,99,22,12,3,ind_vtz_digex,5/3/2022
4736945842,email_youtube_marketing_59,open_link,marketing,100,20,10,1,ind_bdq_digex,5/8/2022
4106410931,email_podcasting_77,register_to_course,new_course_added,99,22,13,3,ind_bdq_digex,5/1/2022
5853203630,email_youtube_marketing_185,open_link,marketing,98,23,13,2,ind_vtz_digex,5/2/2022
5872768737,email_youtube_marketing_172,click_on_email,new_course_added,100,21,14,4,ind_vtz_digex,5/1/2022
3160516075,email_youtube_marketing_126,open_link,marketing,100,23,14,1,ind_vtz_digex,5/3/2022
4673111281,email_podcasting_178,register_to_course,marketing,99,20,11,3,ind_stv_digex,5/2/2022
0258413166,email_email_marketing_62,open_link,marketing,98,21,12,2,ind_stv_digex,5/5/2022
7816004478,email_youtube_marketing_24,register_to_course,marketing,98,23,10,1,ind_vtz_digex,5/4/2022
0595095534,email_youtube_marketing_9,click_on_email,new_course_added,100,20,11,2,ind_bdq_digex,5/4/2022
4362569979,email_podcasting_136,click_on_email,new_course_added,100,22,10,2,ind_vtz_digex,5/5/2022
5524167324,email_youtube_marketing_127,open_link,new_course_added,98,23,14,2,ind_bdq_digex,5/6/2022
4622459949,email_social_media_marketing_168,register_to_course,marketing,100,24,15,2,ind_vtz_digex,5/4/2022
1871772451,email_email_marketing_43,register_to_course,new_course_added,100,22,12,1,ind_vtz_digex,5/4/2022
2140709136,email_podcasting_111,click_on_email,new_course_added,100,25,12,2,ind_vtz_digex,5/5/2022
0669961124,email_podcasting_87,click_on_email,new_course_added,100,23,15,1,ind_vtz_digex,5/3/2022
3569800237,email_podcasting_75,click_on_email,new_course_added,99,23,15,1,ind_vtz_digex,5/4/2022
2911072340,email_copywriting_125,register_to_course,marketing,100,20,11,4,ind_stv_digex,5/1/2022
9576204801,email_youtube_marketing_31,open_link,new_course_added,98,23,10,4,ind_myq_digex,5/4/2022
2854117603,email_youtube_marketing_86,open_link,new_course_added,98,24,14,2,ind_vtz_digex,5/8/2022
0364334576,email_podcasting_22,register_to_course,new_course_added,98,20,12,2,ind_vtz_digex,5/8/2022
0569530083,email_youtube_marketing_67,open_link,marketing,98,20,14,2,ind_bdq_digex,5/3/2022
5668658260,email_youtube_marketing_146,click_on_email,new_course_added,98,22,11,2,ind_myq_digex,5/8/2022
7344913755,email_youtube_marketing_84,open_link,new_course_added,100,23,14,2,ind_bdq_digex,5/1/2022
2599828201,email_youtube_marketing_151,register_to_course,new_course_added,100,20,10,2,ind_stv_digex,5/1/2022
5237821197,email_copywriting_113,click_on_email,new_course_added,98,20,11,2,ind_vtz_digex,5/7/2022
2792677899,email_youtube_marketing_63,open_link,marketing,99,21,11,2,ind_vtz_digex,5/5/2022
9139250164,email_youtube_marketing_65,open_link,new_course_added,98,21,13,4,ind_bdq_digex,5/2/2022
0249273497,email_youtube_marketing_68,click_on_email,marketing,99,21,12,2,ind_bdq_digex,5/8/2022
8303840452,email_copywriting_56,register_to_course,marketing,100,24,15,4,ind_vtz_digex,5/1/2022
8247153211,email_podcasting_38,click_on_email,new_course_added,99,24,15,2,ind_bdq_digex,5/8/2022
4016445892,email_youtube_marketing_60,click_on_email,marketing,98,21,15,4,ind_stv_digex,5/8/2022
3563796858,email_copywriting_42,open_link,new_course_added,99,21,12,2,ind_vtz_digex,5/2/2022
0347596738,email_copywriting_58,open_link,marketing,99,24,10,2,ind_bdq_digex,5/5/2022
4688653484,email_google_analytics_187,open_link,marketing,98,22,12,1,ind_vtz_digex,5/7/2022
8718554733,email_youtube_marketing_151,register_to_course,marketing,99,20,13,1,ind_vtz_digex,5/8/2022
1026769809,email_email_marketing_27,open_link,new_course_added,98,21,13,1,ind_vtz_digex,5/2/2022
3479725996,email_copywriting_26,click_on_email,new_course_added,99,21,14,2,ind_stv_digex,5/3/2022
6509448459,email_youtube_marketing_133,click_on_email,marketing,98,21,15,4,ind_vtz_digex,5/5/2022
3051057797,email_podcasting_176,click_on_email,new_course_added,100,22,15,2,ind_vtz_digex,5/1/2022
0472145460,email_youtube_marketing_113,open_link,new_course_added,99,23,15,2,ind_stv_digex,5/6/2022
9518982198,email_podcasting_117,open_link,marketing,100,25,10,4,ind_vtz_digex,5/5/2022
9462637563,email_podcasting_70,open_link,new_course_added,99,20,13,4,ind_bdq_digex,5/7/2022
1711342602,email_marketing_strategy_88,open_link,marketing,98,23,11,4,ind_pat_digex,5/6/2022
6872477997,email_podcasting_108,click_on_email,new_course_added,98,23,14,2,ind_stv_digex,5/5/2022
9093765965,email_podcasting_111,click_on_email,marketing,99,25,12,1,ind_vtz_digex,5/1/2022
5507158703,email_podcasting_101,register_to_course,marketing,98,23,15,4,ind_stv_digex,5/2/2022
1167367030,email_podcasting_177,open_link,new_course_added,100,23,15,3,ind_stv_digex,5/3/2022
4131495805,email_email_marketing_180,open_link,marketing,100,25,14,3,ind_vtz_digex,5/2/2022
5739087252,email_podcasting_99,open_link,marketing,99,21,14,3,ind_pat_digex,5/2/2022
0040852326,email_copywriting_62,open_link,marketing,98,23,14,1,ind_stv_digex,5/4/2022
1377917797,email_copywriting_65,click_on_email,new_course_added,100,22,14,3,ind_stv_digex,5/6/2022
5246147827,email_youtube_marketing_56,register_to_course,marketing,100,20,14,4,ind_stv_digex,5/5/2022
8191082438,email_podcasting_186,click_on_email,new_course_added,99,24,11,3,ind_bdq_digex,5/1/2022
4651484530,email_youtube_marketing_76,open_link,marketing,100,21,13,2,ind_vtz_digex,5/5/2022
0121412288,email_podcasting_19,click_on_email,new_course_added,100,23,11,3,ind_bdq_digex,5/4/2022
8532570925,email_podcasting_121,click_on_email,marketing,98,24,10,1,ind_vtz_digex,5/5/2022
6707576844,email_youtube_marketing_53,open_link,new_course_added,98,22,11,3,ind_pat_digex,5/7/2022
4704594742,email_podcasting_134,open_link,new_course_added,98,20,12,4,ind_bdq_digex,5/7/2022
7298957538,email_email_marketing_196,open_link,marketing,100,23,12,4,ind_vtz_digex,5/4/2022
4875094183,email_youtube_marketing_82,click_on_email,marketing,98,23,13,3,ind_vtz_digex,5/4/2022
9594490225,email_podcasting_172,open_link,marketing,100,25,12,2,ind_stv_digex,5/6/2022
3167785233,email_youtube_marketing_88,register_to_course,new_course_added,98,23,12,2,ind_vtz_digex,5/5/2022
7430859992,email_youtube_marketing_87,open_link,new_course_added,100,25,15,1,ind_ccu_digex,5/6/2022
9169361282,email_podcasting_80,open_link,marketing,99,25,15,2,ind_stv_digex,5/7/2022
1098017803,email_podcasting_137,open_link,new_course_added,100,20,11,2,ind_vtz_digex,5/4/2022
7363375445,email_podcasting_191,open_link,new_course_added,98,23,14,4,ind_vtz_digex,5/4/2022
6213860770,email_podcasting_82,open_link,new_course_added,99,24,14,4,ind_stv_digex,5/6/2022
4267422230,email_google_analytics_120,click_on_email,marketing,98,23,13,4,ind_pat_digex,5/8/2022
9733955175,email_podcasting_27,click_on_email,marketing,98,23,10,2,ind_bdq_digex,5/5/2022
1487103158,email_podcasting_120,register_to_course,new_course_added,100,21,11,3,ind_vtz_digex,5/7/2022
8960900885,email_podcasting_147,open_link,new_course_added,99,23,15,1,ind_vtz_digex,5/6/2022
4253975062,email_youtube_marketing_46,register_to_course,new_course_added,100,21,14,3,ind_vtz_digex,5/6/2022
6186392406,email_podcasting_173,register_to_course,marketing,98,22,10,4,ind_stv_digex,5/1/2022
1004114346,email_youtube_marketing_178,click_on_email,new_course_added,99,25,15,1,ind_vtz_digex,5/3/2022
5606789566,email_email_marketing_154,register_to_course,marketing,98,23,15,3,ind_bdq_digex,5/7/2022
1155936094,email_podcasting_21,click_on_email,new_course_added,99,20,15,1,ind_stv_digex,5/5/2022
2429150220,email_podcasting_59,register_to_course,new_course_added,98,25,12,2,ind_pat_digex,5/6/2022
4822777626,email_podcasting_47,click_on_email,new_course_added,98,23,13,2,ind_stv_digex,5/5/2022
1976155185,email_email_marketing_98,open_link,marketing,99,24,13,2,ind_bdq_digex,5/5/2022
6992462555,email_youtube_marketing_89,open_link,marketing,100,23,10,3,ind_vtz_digex,5/2/2022
1309876851,email_podcasting_180,open_link,new_course_added,99,25,11,3,ind_vtz_digex,5/8/2022
5960077140,email_google_analytics_191,click_on_email,new_course_added,99,22,11,1,ind_vtz_digex,5/2/2022
4339242675,email_podcasting_62,open_link,marketing,99,20,14,2,ind_vtz_digex,5/1/2022
8497596196,email_email_marketing_19,open_link,marketing,99,20,14,1,ind_vtz_digex,5/3/2022
8972781428,email_copywriting_35,open_link,new_course_added,99,21,10,3,ind_stv_digex,5/2/2022
5402699402,email_copywriting_137,click_on_email,marketing,100,24,15,4,ind_pat_digex,5/8/2022
5137920061,email_youtube_marketing_194,open_link,marketing,98,20,13,3,ind_vtz_digex,5/4/2022
3547702631,email_podcasting_170,open_link,new_course_added,98,24,15,3,ind_bdq_digex,5/6/2022
9013570933,email_email_marketing_89,open_link,new_course_added,99,21,14,4,ind_bdq_digex,5/5/2022
9497657692,email_copywriting_15,open_link,new_course_added,100,24,11,1,ind_pat_digex,5/2/2022
8057338202,email_youtube_marketing_35,register_to_course,marketing,99,22,13,1,ind_stv_digex,5/5/2022
1878917625,email_podcasting_41,register_to_course,marketing,98,23,14,2,ind_vtz_digex,5/8/2022
3369471752,email_podcasting_29,open_link,new_course_added,99,22,10,1,ind_vtz_digex,5/4/2022
4491791961,email_podcasting_46,click_on_email,new_course_added,100,24,10,1,ind_pat_digex,5/3/2022
8300823654,email_copywriting_135,open_link,marketing,98,21,14,3,ind_vtz_digex,5/4/2022
2961640601,email_podcasting_200,open_link,marketing,100,20,12,4,ind_vtz_digex,5/3/2022
9858695497,email_podcasting_20,register_to_course,marketing,99,24,13,4,ind_pat_digex,5/8/2022
1095551531,email_podcasting_16,register_to_course,new_course_added,100,21,11,1,ind_bdq_digex,5/1/2022
5963573025,email_podcasting_92,open_link,new_course_added,100,23,12,2,ind_ccu_digex,5/6/2022
5651464883,email_podcasting_70,register_to_course,marketing,98,24,11,2,ind_vtz_digex,5/8/2022
5285807611,email_podcasting_146,open_link,marketing,99,25,13,4,ind_vtz_digex,5/1/2022
4357518741,email_podcasting_175,open_link,marketing,100,25,10,4,ind_vtz_digex,5/3/2022
8658296644,email_podcasting_186,click_on_email,new_course_added,100,23,11,2,ind_stv_digex,5/5/2022
7495565918,email_email_marketing_167,open_link,new_course_added,99,24,15,1,ind_bdq_digex,5/5/2022
9587276442,email_podcasting_93,click_on_email,marketing,99,23,12,1,ind_vtz_digex,5/7/2022
3245476043,email_youtube_marketing_177,open_link,marketing,99,23,13,2,ind_vtz_digex,5/8/2022
8013820394,email_google_analytics_15,open_link,marketing,98,23,14,2,ind_vtz_digex,5/8/2022
4645120107,email_podcasting_126,open_link,marketing,99,21,15,4,ind_vtz_digex,5/1/2022
1657613925,email_email_marketing_66,open_link,marketing,99,24,12,1,ind_stv_digex,5/2/2022
9125305719,email_email_marketing_163,register_to_course,new_course_added,98,22,13,1,ind_bdq_digex,5/5/2022
0857489704,email_podcasting_144,register_to_course,new_course_added,98,21,12,3,ind_vtz_digex,5/3/2022
0490536727,email_podcasting_165,open_link,marketing,100,24,15,2,ind_vtz_digex,5/4/2022
7678820607,email_podcasting_112,open_link,marketing,99,25,10,4,ind_vtz_digex,5/1/2022
5490139471,email_youtube_marketing_58,open_link,new_course_added,100,21,15,1,ind_vtz_digex,5/4/2022
9038262361,email_google_analytics_166,open_link,new_course_added,99,23,14,1,ind_vtz_digex,5/7/2022
1719696411,email_copywriting_37,open_link,new_course_added,98,24,14,4,ind_bdq_digex,5/3/2022
8679545988,email_podcasting_113,click_on_email,marketing,98,23,14,4,ind_vtz_digex,5/4/2022
0567044009,email_youtube_marketing_141,register_to_course,new_course_added,100,23,13,1,ind_stv_digex,5/7/2022
3268345379,email_podcasting_191,open_link,marketing,100,23,13,3,ind_stv_digex,5/5/2022
1850280797,email_youtube_marketing_15,register_to_course,new_course_added,100,21,14,2,ind_vtz_digex,5/8/2022
1688100415,email_youtube_marketing_99,open_link,marketing,99,22,10,3,ind_vtz_digex,5/5/2022
1960027743,email_podcasting_165,open_link,marketing,99,22,13,3,ind_stv_digex,5/5/2022
1736053019,email_email_marketing_102,open_link,marketing,98,20,12,4,ind_bdq_digex,5/4/2022
9366458610,email_email_marketing_35,click_on_email,new_course_added,99,24,13,3,ind_bdq_digex,5/4/2022
2034279530,email_podcasting_153,open_link,new_course_added,99,25,11,2,ind_pat_digex,5/6/2022
7948911847,email_email_marketing_161,register_to_course,new_course_added,99,20,12,3,ind_bdq_digex,5/8/2022
6379781021,email_google_analytics_113,open_link,new_course_added,100,22,11,1,ind_ccu_digex,5/6/2022
0536775109,email_podcasting_112,click_on_email,marketing,100,25,11,4,ind_pat_digex,5/5/2022
1020062355,email_podcasting_158,click_on_email,marketing,98,24,10,2,ind_vtz_digex,5/3/2022
1538682427,email_email_marketing_200,register_to_course,new_course_added,99,20,11,3,ind_vtz_digex,5/6/2022
5895337775,email_youtube_marketing_181,click_on_email,marketing,98,25,10,3,ind_bdq_digex,5/4/2022
2075086125,email_youtube_marketing_184,register_to_course,new_course_added,100,20,11,2,ind_pat_digex,5/1/2022
6886214837,email_podcasting_76,open_link,new_course_added,100,20,15,3,ind_bdq_digex,5/3/2022
0290734339,email_youtube_marketing_66,register_to_course,new_course_added,99,24,15,4,ind_vtz_digex,5/8/2022
6829571820,email_podcasting_149,click_on_email,new_course_added,98,21,10,1,ind_bdq_digex,5/2/2022
4429264139,email_youtube_marketing_8,click_on_email,marketing,100,20,10,3,ind_pat_digex,5/4/2022
0833716573,email_podcasting_174,open_link,new_course_added,98,21,12,1,ind_vtz_digex,5/3/2022
3834803596,email_email_marketing_126,register_to_course,new_course_added,99,25,12,4,ind_bdq_digex,5/4/2022
4290406513,email_podcasting_180,register_to_course,new_course_added,98,21,10,3,ind_bdq_digex,5/7/2022
1344154328,email_podcasting_153,open_link,marketing,99,24,12,1,ind_vtz_digex,5/1/2022
4164580399,email_podcasting_112,open_link,marketing,98,22,11,4,ind_bdq_digex,5/7/2022
4352362859,email_podcasting_48,open_link,new_course_added,99,21,15,3,ind_vtz_digex,5/6/2022
1087412609,email_podcasting_166,open_link,new_course_added,99,20,12,3,ind_vtz_digex,5/4/2022
4538234524,email_youtube_marketing_115,click_on_email,new_course_added,99,24,12,1,ind_bdq_digex,5/1/2022
3402428024,email_youtube_marketing_124,open_link,marketing,100,23,11,1,ind_vtz_digex,5/7/2022
3276576392,email_podcasting_64,open_link,new_course_added,99,21,13,2,ind_stv_digex,5/4/2022
6175194993,email_podcasting_134,open_link,marketing,99,23,14,3,ind_vtz_digex,5/5/2022
8265337469,email_youtube_marketing_4,register_to_course,marketing,98,25,11,1,ind_vtz_digex,5/5/2022
5973249115,email_podcasting_6,open_link,new_course_added,98,21,15,4,ind_vtz_digex,5/1/2022
0113290594,email_podcasting_102,open_link,new_course_added,99,21,14,1,ind_vtz_digex,5/1/2022
8159189605,email_email_marketing_9,open_link,new_course_added,98,21,10,3,ind_vtz_digex,5/3/2022
7211191511,email_podcasting_79,open_link,new_course_added,99,22,15,3,ind_bdq_digex,5/4/2022
7053322858,email_podcasting_185,register_to_course,new_course_added,98,24,12,2,ind_vtz_digex,5/5/2022
9344637555,email_podcasting_2,click_on_email,new_course_added,99,20,14,2,ind_stv_digex,5/8/2022
9870189695,email_podcasting_132,open_link,marketing,100,23,10,1,ind_vtz_digex,5/1/2022
5235890736,email_podcasting_122,open_link,new_course_added,100,24,10,2,ind_ccu_digex,5/6/2022
7774774106,email_youtube_marketing_6,open_link,marketing,100,24,13,2,ind_bdq_digex,5/3/2022
7946644264,email_podcasting_117,register_to_course,new_course_added,98,23,13,4,ind_bdq_digex,5/4/2022
6945344436,email_podcasting_78,click_on_email,new_course_added,100,23,13,2,ind_bdq_digex,5/5/2022
5396488042,email_podcasting_41,open_link,marketing,98,24,14,2,ind_ded_digex,5/1/2022
4169865197,email_podcasting_130,open_link,marketing,98,25,13,1,ind_pat_digex,5/4/2022
4721069081,email_podcasting_32,open_link,marketing,99,23,13,3,ind_bdq_digex,5/4/2022
6095966981,email_email_marketing_47,register_to_course,marketing,100,22,10,4,ind_stv_digex,5/3/2022
1752310004,email_podcasting_91,open_link,marketing,100,20,15,3,ind_myq_digex,5/2/2022
1990149227,email_youtube_marketing_180,open_link,new_course_added,99,21,14,4,ind_bdq_digex,5/6/2022
2202277722,email_email_marketing_72,register_to_course,new_course_added,99,22,14,1,ind_vtz_digex,5/2/2022
6462434546,email_youtube_marketing_114,open_link,new_course_added,100,20,14,3,ind_stv_digex,5/2/2022
1995388556,email_podcasting_53,register_to_course,marketing,98,22,14,1,ind_vtz_digex,5/2/2022
0548671095,email_google_analytics_45,register_to_course,marketing,99,24,10,2,ind_bdq_digex,5/3/2022
0034734406,email_podcasting_65,open_link,marketing,98,22,14,4,ind_vtz_digex,5/5/2022
7615398746,email_podcasting_5,register_to_course,marketing,100,25,12,4,ind_myq_digex,5/1/2022
6343814221,email_email_marketing_41,open_link,new_course_added,99,21,12,1,ind_bdq_digex,5/3/2022
0955172454,email_podcasting_199,open_link,new_course_added,98,20,14,2,ind_vtz_digex,5/5/2022
8224595331,email_copywriting_178,register_to_course,marketing,99,23,15,4,ind_vtz_digex,5/7/2022
8638605811,email_podcasting_168,register_to_course,marketing,99,22,15,2,ind_pat_digex,5/1/2022
9176138984,email_youtube_marketing_132,open_link,new_course_added,98,25,15,4,ind_stv_digex,5/6/2022
0529228009,email_podcasting_81,open_link,new_course_added,98,24,12,4,ind_ccu_digex,5/4/2022
9824254854,email_podcasting_79,open_link,new_course_added,99,22,10,3,ind_bdq_digex,5/5/2022
5880683680,email_podcasting_98,click_on_email,new_course_added,99,21,15,3,ind_stv_digex,5/1/2022
4589188260,email_podcasting_190,open_link,marketing,99,22,14,2,ind_vtz_digex,5/8/2022
7618085404,email_copywriting_189,register_to_course,marketing,100,21,11,2,ind_vtz_digex,5/4/2022
0663098637,email_podcasting_136,click_on_email,new_course_added,100,24,13,2,ind_vtz_digex,5/2/2022
6465695324,email_podcasting_77,click_on_email,marketing,98,20,12,3,ind_vtz_digex,5/3/2022
0092315771,email_youtube_marketing_160,register_to_course,new_course_added,100,25,10,2,ind_vtz_digex,5/5/2022
7857722065,email_podcasting_195,click_on_email,marketing,100,21,15,4,ind_vtz_digex,5/5/2022
8766995906,email_internet_marketing_79,click_on_email,new_course_added,98,24,14,4,ind_pat_digex,5/5/2022
3425902679,email_podcasting_189,open_link,new_course_added,98,20,11,2,ind_del_digex,5/1/2022
2542414580,email_podcasting_38,open_link,marketing,100,21,10,4,ind_bdq_digex,5/3/2022
0167206265,email_podcasting_12,click_on_email,new_course_added,99,25,10,4,ind_vtz_digex,5/1/2022
2296954456,email_copywriting_136,open_link,marketing,98,22,10,3,ind_bdq_digex,5/6/2022
0474675203,email_podcasting_170,register_to_course,new_course_added,98,23,13,3,ind_stv_digex,5/3/2022
2703988044,email_podcasting_5,open_link,marketing,99,22,14,2,ind_bdq_digex,5/3/2022
1865105643,email_podcasting_36,open_link,marketing,99,22,11,1,ind_vtz_digex,5/3/2022
3741060100,email_marketing_strategy_137,open_link,marketing,99,25,11,4,ind_stv_digex,5/5/2022
7814750644,email_youtube_marketing_34,open_link,new_course_added,98,21,11,3,ind_vtz_digex,5/1/2022
4345817242,email_youtube_marketing_141,open_link,new_course_added,99,21,14,1,ind_vtz_digex,5/1/2022
7607058826,email_youtube_marketing_54,click_on_email,marketing,99,20,10,4,ind_bdq_digex,5/4/2022
2780624760,email_youtube_marketing_145,open_link,new_course_added,98,20,10,3,ind_stv_digex,5/1/2022
8770821534,email_youtube_marketing_183,open_link,new_course_added,98,21,10,2,ind_bdq_digex,5/5/2022
0087800349,email_youtube_marketing_192,open_link,new_course_added,98,23,11,2,ind_bdq_digex,5/7/2022
5036424557,email_copywriting_3,register_to_course,new_course_added,100,24,15,3,ind_pat_digex,5/3/2022
8293657685,email_youtube_marketing_105,open_link,new_course_added,100,21,14,1,ind_vtz_digex,5/3/2022
6156899960,email_podcasting_190,open_link,marketing,99,23,14,1,ind_vtz_digex,5/2/2022
6613898287,email_email_marketing_12,register_to_course,marketing,99,25,10,3,ind_bdq_digex,5/7/2022
2916360158,email_youtube_marketing_13,register_to_course,marketing,99,22,11,1,ind_vtz_digex,5/7/2022
4801733506,email_email_marketing_48,open_link,marketing,99,21,14,3,ind_bdq_digex,5/2/2022
3853436935,email_podcasting_8,click_on_email,new_course_added,99,22,11,3,ind_vtz_digex,5/8/2022
8348991352,email_youtube_marketing_78,click_on_email,new_course_added,99,23,13,1,ind_vtz_digex,5/5/2022
4421039322,email_podcasting_150,register_to_course,new_course_added,99,23,15,3,ind_vtz_digex,5/7/2022
1375100513,email_podcasting_18,open_link,marketing,99,21,14,1,ind_vtz_digex,5/1/2022
3270045298,email_podcasting_175,open_link,marketing,100,20,12,3,ind_stv_digex,5/8/2022
3544796066,email_podcasting_168,open_link,marketing,100,23,10,2,ind_bdq_digex,5/1/2022
8554479475,email_internet_marketing_152,click_on_email,new_course_added,98,25,15,2,ind_vtz_digex,5/2/2022
2912209781,email_podcasting_61,register_to_course,marketing,98,22,10,2,ind_pat_digex,5/2/2022
7305178837,email_email_marketing_174,open_link,new_course_added,98,22,10,4,ind_bdq_digex,5/6/2022
3732601293,email_google_analytics_55,click_on_email,marketing,100,23,11,3,ind_bdq_digex,5/1/2022
6648213175,email_podcasting_191,click_on_email,marketing,100,25,14,2,ind_stv_digex,5/2/2022
7123885805,email_podcasting_20,open_link,marketing,100,20,12,2,ind_vtz_digex,5/8/2022
6037578141,email_email_marketing_91,register_to_course,marketing,99,23,15,3,ind_vtz_digex,5/1/2022
3899320824,email_podcasting_58,register_to_course,new_course_added,98,25,11,1,ind_vtz_digex,5/5/2022
8944561400,email_email_marketing_38,open_link,new_course_added,100,23,10,2,ind_vtz_digex,5/5/2022
9312209299,email_email_marketing_60,open_link,marketing,100,25,12,3,ind_vtz_digex,5/7/2022
7830889821,email_podcasting_132,register_to_course,new_course_added,99,24,15,4,ind_bdq_digex,5/3/2022
4613522374,email_podcasting_42,click_on_email,marketing,99,24,15,4,ind_pat_digex,5/6/2022
7066613538,email_email_marketing_150,open_link,new_course_added,99,21,11,1,ind_bdq_digex,5/2/2022
2883624348,email_email_marketing_52,click_on_email,new_course_added,100,22,14,3,ind_stv_digex,5/8/2022
7358828445,email_internet_marketing_108,register_to_course,new_course_added,99,23,14,3,ind_myq_digex,5/2/2022
1688694722,email_podcasting_129,open_link,marketing,100,21,13,3,ind_bdq_digex,5/4/2022
9804313863,email_digital_marketing_50,open_link,marketing,98,20,15,2,ind_stv_digex,5/2/2022
1855166704,email_podcasting_186,click_on_email,new_course_added,100,22,15,2,ind_vtz_digex,5/4/2022
5207716360,email_podcasting_3,click_on_email,new_course_added,100,25,10,2,ind_pat_digex,5/4/2022
2021155617,email_youtube_marketing_147,open_link,new_course_added,100,22,14,4,ind_ccu_digex,5/8/2022
0703357484,email_youtube_marketing_113,open_link,marketing,98,20,15,2,ind_myq_digex,5/6/2022
5557529993,email_podcasting_22,open_link,new_course_added,99,20,12,1,ind_vtz_digex,5/5/2022
6203814717,email_podcasting_25,click_on_email,new_course_added,98,22,10,3,ind_ccu_digex,5/3/2022
4720599281,email_copywriting_147,click_on_email,new_course_added,99,24,11,3,ind_vtz_digex,5/2/2022
4670467484,email_podcasting_43,click_on_email,new_course_added,99,21,14,3,ind_stv_digex,5/3/2022
3252510499,email_podcasting_153,click_on_email,marketing,99,23,13,4,ind_bdq_digex,5/2/2022
1320874932,email_email_marketing_82,open_link,marketing,100,23,15,4,ind_bdq_digex,5/1/2022
1616925868,email_copywriting_6,register_to_course,new_course_added,100,22,12,3,ind_bdq_digex,5/8/2022
9552627397,email_podcasting_164,open_link,marketing,98,22,15,1,ind_vtz_digex,5/5/2022
2911349016,email_podcasting_53,click_on_email,marketing,98,24,15,4,ind_vtz_digex,5/6/2022
0034943889,email_podcasting_156,register_to_course,new_course_added,100,24,11,1,ind_ccu_digex,5/4/2022
3310239721,email_podcasting_77,register_to_course,marketing,99,22,14,3,ind_vtz_digex,5/2/2022
7180189715,email_podcasting_156,open_link,marketing,100,25,10,2,ind_myq_digex,5/6/2022
0522440630,email_email_marketing_189,register_to_course,new_course_added,100,22,10,4,ind_stv_digex,5/3/2022
6860283610,email_podcasting_65,register_to_course,marketing,99,23,15,4,ind_isk_digex,5/2/2022
8901635925,email_youtube_marketing_26,open_link,new_course_added,99,24,12,1,ind_vtz_digex,5/8/2022
0564271942,email_podcasting_177,register_to_course,new_course_added,100,21,13,3,ind_ded_digex,5/3/2022
4372258542,email_google_analytics_82,open_link,new_course_added,99,23,15,3,ind_bdq_digex,5/3/2022
0713033967,email_email_marketing_109,register_to_course,marketing,99,22,10,2,ind_vtz_digex,5/8/2022
1109634161,email_youtube_marketing_133,open_link,marketing,100,20,13,4,ind_vtz_digex,5/3/2022
7527757876,email_podcasting_151,open_link,marketing,100,24,12,2,ind_vtz_digex,5/1/2022
2567991999,email_podcasting_116,click_on_email,marketing,98,23,11,3,ind_vtz_digex,5/4/2022
9287380481,email_podcasting_172,register_to_course,marketing,99,20,11,2,ind_vtz_digex,5/8/2022
8094238291,email_youtube_marketing_34,open_link,marketing,99,22,10,3,ind_vtz_digex,5/5/2022
1406202282,email_podcasting_83,open_link,marketing,98,22,14,2,ind_vtz_digex,5/7/2022
6947497841,email_podcasting_189,click_on_email,new_course_added,98,25,13,1,ind_vtz_digex,5/5/2022
6173962268,email_youtube_marketing_35,open_link,new_course_added,100,22,12,1,ind_bdq_digex,5/2/2022
1272156451,email_podcasting_178,click_on_email,marketing,99,20,11,1,ind_bdq_digex,5/1/2022
0321102150,email_podcasting_87,open_link,new_course_added,99,20,10,2,ind_bdq_digex,5/7/2022
3656227268,email_email_marketing_102,click_on_email,new_course_added,99,25,14,2,ind_stv_digex,5/7/2022
7217088410,email_youtube_marketing_183,click_on_email,new_course_added,99,25,15,3,ind_pat_digex,5/5/2022
8526640356,email_podcasting_145,register_to_course,new_course_added,98,25,13,4,ind_stv_digex,5/7/2022
4424252094,email_youtube_marketing_86,open_link,marketing,99,21,12,1,ind_bdq_digex,5/8/2022
1148193286,email_podcasting_31,open_link,new_course_added,99,25,10,2,ind_vtz_digex,5/1/2022
3332192760,email_email_marketing_60,open_link,new_course_added,99,24,12,2,ind_bdq_digex,5/4/2022
9383088435,email_podcasting_197,open_link,marketing,99,23,14,3,ind_ccu_digex,5/8/2022
9464625287,email_podcasting_161,open_link,new_course_added,100,20,12,3,ind_stv_digex,5/8/2022
2998192769,email_podcasting_103,click_on_email,marketing,98,25,15,3,ind_vtz_digex,5/4/2022
9002397186,email_google_analytics_168,open_link,new_course_added,100,24,12,4,ind_bdq_digex,5/3/2022
3863913469,email_podcasting_185,click_on_email,new_course_added,99,20,10,4,ind_bdq_digex,5/3/2022
5719201890,email_youtube_marketing_192,register_to_course,new_course_added,99,20,15,3,ind_bdq_digex,5/2/2022
3982815010,email_podcasting_153,register_to_course,marketing,99,23,12,4,ind_bdq_digex,5/7/2022
4015462432,email_email_marketing_159,open_link,marketing,98,20,11,2,ind_bdq_digex,5/2/2022
7061418451,email_youtube_marketing_194,open_link,marketing,100,24,10,1,ind_bdq_digex,5/7/2022
4652376596,email_podcasting_198,register_to_course,new_course_added,99,23,15,4,ind_stv_digex,5/2/2022
7661633205,email_podcasting_167,click_on_email,marketing,100,20,10,1,ind_vtz_digex,5/7/2022
8922521961,email_podcasting_7,open_link,new_course_added,98,24,10,2,ind_stv_digex,5/7/2022
3518214357,email_copywriting_150,register_to_course,new_course_added,100,22,13,2,ind_bdq_digex,5/5/2022
5649209766,email_copywriting_73,register_to_course,new_course_added,98,25,14,3,ind_vtz_digex,5/1/2022
7068928110,email_podcasting_170,open_link,marketing,99,24,15,4,ind_vtz_digex,5/5/2022
7054737741,email_podcasting_198,click_on_email,new_course_added,98,25,10,2,ind_vtz_digex,5/4/2022
9605184559,email_podcasting_137,register_to_course,new_course_added,98,21,12,4,ind_stv_digex,5/4/2022
8829318345,email_copywriting_166,click_on_email,marketing,98,25,10,3,ind_pat_digex,5/8/2022
5032713570,email_social_media_marketing_199,open_link,new_course_added,98,21,11,1,ind_stv_digex,5/8/2022
8119528131,email_podcasting_124,register_to_course,marketing,99,21,15,1,ind_vtz_digex,5/3/2022
2980613479,email_internet_marketing_170,open_link,new_course_added,99,20,14,1,ind_stv_digex,5/7/2022
0156110334,email_copywriting_73,click_on_email,marketing,98,25,13,1,ind_bdq_digex,5/8/2022
6910248937,email_copywriting_131,register_to_course,new_course_added,100,22,12,3,ind_pat_digex,5/1/2022
2598274253,email_youtube_marketing_11,open_link,marketing,100,25,13,1,ind_bdq_digex,5/7/2022
8818924745,email_podcasting_24,open_link,new_course_added,98,20,13,2,ind_vtz_digex,5/7/2022
1068708387,email_youtube_marketing_118,open_link,new_course_added,100,21,11,1,ind_stv_digex,5/6/2022
0615607764,email_email_marketing_21,open_link,marketing,99,25,15,4,ind_bdq_digex,5/2/2022
1630614238,email_youtube_marketing_184,open_link,new_course_added,98,22,14,4,ind_bdq_digex,5/4/2022
9492177625,email_podcasting_178,open_link,new_course_added,100,23,10,4,ind_stv_digex,5/2/2022
6451262757,email_podcasting_158,open_link,marketing,100,24,11,3,ind_bdq_digex,5/2/2022
0971290792,email_youtube_marketing_109,click_on_email,marketing,98,23,10,1,ind_vtz_digex,5/4/2022
1134471785,email_marketing_strategy_139,click_on_email,marketing,99,25,10,2,ind_bdq_digex,5/3/2022
1327587734,email_youtube_marketing_152,register_to_course,new_course_added,99,22,10,2,ind_vtz_digex,5/6/2022
5788969034,email_podcasting_71,click_on_email,marketing,99,24,10,1,ind_bdq_digex,5/6/2022
2445747155,email_youtube_marketing_183,click_on_email,marketing,98,20,10,1,ind_bdq_digex,5/5/2022
7748422818,email_youtube_marketing_175,register_to_course,new_course_added,100,24,12,1,ind_ccu_digex,5/7/2022
8847170966,email_podcasting_133,register_to_course,new_course_added,98,20,13,1,ind_bdq_digex,5/1/2022
6664691825,email_podcasting_146,open_link,new_course_added,100,21,14,4,ind_vtz_digex,5/3/2022
3211984887,email_youtube_marketing_39,open_link,marketing,98,23,14,3,ind_vtz_digex,5/5/2022
0678238545,email_podcasting_4,open_link,marketing,98,21,13,3,ind_pat_digex,5/4/2022
0679285571,email_podcasting_81,click_on_email,marketing,99,24,15,4,ind_pat_digex,5/8/2022
0405669046,email_youtube_marketing_110,click_on_email,marketing,100,25,15,1,ind_vtz_digex,5/4/2022
2304582516,email_podcasting_160,click_on_email,new_course_added,100,21,11,1,ind_stv_digex,5/6/2022
0105242233,email_podcasting_25,open_link,marketing,98,24,12,3,ind_vtz_digex,5/1/2022
4609151103,email_podcasting_117,register_to_course,marketing,99,24,13,3,ind_bdq_digex,5/8/2022
4398092943,email_email_marketing_192,open_link,marketing,100,23,13,2,ind_stv_digex,5/7/2022
6100620030,email_podcasting_15,register_to_course,new_course_added,98,25,10,1,ind_isk_digex,5/7/2022
6025408289,email_internet_marketing_165,open_link,new_course_added,100,20,12,2,ind_vtz_digex,5/6/2022
1586474421,email_youtube_marketing_132,open_link,marketing,98,22,11,1,ind_vtz_digex,5/8/2022
0859138070,email_youtube_marketing_98,click_on_email,marketing,99,24,14,1,ind_bdq_digex,5/8/2022
7617155565,email_podcasting_177,register_to_course,marketing,98,20,13,1,ind_vtz_digex,5/4/2022
3200102861,email_youtube_marketing_149,click_on_email,marketing,100,24,12,3,ind_vtz_digex,5/4/2022
2686043717,email_youtube_marketing_122,open_link,marketing,100,24,14,3,ind_pat_digex,5/7/2022
3065189461,email_youtube_marketing_64,register_to_course,new_course_added,98,22,11,4,ind_vtz_digex,5/4/2022
1716029554,email_podcasting_146,open_link,new_course_added,100,24,10,4,ind_vtz_digex,5/2/2022
4872568370,email_podcasting_194,register_to_course,new_course_added,98,22,15,4,ind_vtz_digex,5/7/2022
2467651037,email_podcasting_97,click_on_email,new_course_added,98,21,11,2,ind_ccu_digex,5/2/2022
2185596853,email_youtube_marketing_159,register_to_course,new_course_added,99,23,12,2,ind_vtz_digex,5/6/2022
8007470425,email_google_analytics_16,click_on_email,new_course_added,100,21,10,1,ind_stv_digex,5/8/2022
1779271905,email_podcasting_99,click_on_email,marketing,98,24,13,4,ind_bdq_digex,5/2/2022
6520397393,email_podcasting_90,open_link,new_course_added,100,23,12,4,ind_bdq_digex,5/1/2022
1929024460,email_podcasting_32,open_link,marketing,98,21,15,3,ind_vtz_digex,5/1/2022
6652283301,email_email_marketing_165,open_link,new_course_added,98,25,15,4,ind_vtz_digex,5/3/2022
2478838990,email_podcasting_187,click_on_email,new_course_added,98,25,10,2,ind_vtz_digex,5/6/2022
7483844876,email_youtube_marketing_61,click_on_email,marketing,99,24,12,3,ind_vtz_digex,5/7/2022
6605820118,email_youtube_marketing_84,open_link,new_course_added,98,20,13,3,ind_vtz_digex,5/2/2022
2097825087,email_podcasting_182,click_on_email,marketing,98,21,12,2,ind_vtz_digex,5/8/2022
1241773858,email_podcasting_66,open_link,marketing,99,25,12,4,ind_bdq_digex,5/4/2022
4604866740,email_podcasting_82,open_link,new_course_added,100,22,11,4,ind_vtz_digex,5/1/2022
4484110113,email_email_marketing_12,click_on_email,marketing,98,22,14,2,ind_stv_digex,5/8/2022
9203960929,email_podcasting_98,click_on_email,marketing,100,25,15,4,ind_bdq_digex,5/8/2022
1014270111,email_youtube_marketing_69,click_on_email,new_course_added,99,23,12,1,ind_vtz_digex,5/5/2022
7559346642,email_copywriting_174,open_link,marketing,100,20,12,3,ind_bdq_digex,5/7/2022
2418599175,email_youtube_marketing_123,register_to_course,new_course_added,98,20,14,3,ind_bdq_digex,5/8/2022
9022838188,email_podcasting_160,open_link,new_course_added,98,25,12,3,ind_myq_digex,5/5/2022
1014957729,email_email_marketing_139,register_to_course,new_course_added,98,24,12,4,ind_bdq_digex,5/3/2022
8701983261,email_youtube_marketing_68,open_link,marketing,98,22,12,4,ind_stv_digex,5/1/2022
1489443282,email_copywriting_82,click_on_email,new_course_added,99,21,10,1,ind_vtz_digex,5/5/2022
3377116850,email_podcasting_34,open_link,marketing,98,21,15,4,ind_vtz_digex,5/2/2022
6959474825,email_podcasting_131,click_on_email,new_course_added,100,24,12,4,ind_vtz_digex,5/7/2022
4091428371,email_email_marketing_176,open_link,new_course_added,100,25,11,1,ind_bdq_digex,5/7/2022
3159600467,email_podcasting_16,open_link,new_course_added,100,24,14,3,ind_bdq_digex,5/8/2022
0259197149,email_youtube_marketing_42,open_link,new_course_added,98,25,11,3,ind_vtz_digex,5/7/2022
1955749205,email_youtube_marketing_66,click_on_email,new_course_added,100,25,10,1,ind_stv_digex,5/7/2022
0730586235,email_podcasting_94,open_link,marketing,98,22,14,1,ind_vtz_digex,5/4/2022
2475875615,email_podcasting_103,click_on_email,new_course_added,100,20,11,4,ind_vtz_digex,5/5/2022
4682767542,email_email_marketing_43,open_link,marketing,98,24,13,4,ind_ccu_digex,5/5/2022
4347684215,email_email_marketing_15,register_to_course,marketing,99,24,13,1,ind_vtz_digex,5/4/2022
9385842072,email_podcasting_48,open_link,new_course_added,99,25,14,3,ind_stv_digex,5/8/2022
0219540063,email_youtube_marketing_58,click_on_email,marketing,98,25,10,3,ind_pat_digex,5/8/2022
8718651100,email_podcasting_96,click_on_email,new_course_added,100,24,15,2,ind_bdq_digex,5/4/2022
8201011635,email_copywriting_39,open_link,new_course_added,98,21,11,4,ind_stv_digex,5/2/2022
9278190470,email_podcasting_55,register_to_course,new_course_added,100,24,11,4,ind_bdq_digex,5/7/2022
5098695376,email_podcasting_15,register_to_course,marketing,99,20,12,4,ind_stv_digex,5/7/2022
9324273477,email_podcasting_106,register_to_course,new_course_added,99,20,10,4,ind_stv_digex,5/7/2022
9259632706,email_youtube_marketing_95,register_to_course,marketing,100,25,11,3,ind_vtz_digex,5/3/2022
8533923481,email_podcasting_71,open_link,new_course_added,99,24,12,2,ind_vtz_digex,5/7/2022
7714351519,email_email_marketing_126,open_link,marketing,100,23,14,1,ind_vtz_digex,5/1/2022
3185354540,email_google_analytics_25,open_link,new_course_added,98,23,15,3,ind_stv_digex,5/8/2022
2948145309,email_podcasting_180,register_to_course,new_course_added,99,23,12,2,ind_vtz_digex,5/7/2022
8565306445,email_podcasting_34,register_to_course,new_course_added,98,24,15,3,ind_vtz_digex,5/8/2022
7637892646,email_youtube_marketing_176,click_on_email,marketing,99,22,13,4,ind_bdq_digex,5/2/2022
0010881255,email_email_marketing_13,open_link,new_course_added,99,23,12,1,ind_vtz_digex,5/4/2022
9868487781,email_email_marketing_193,open_link,new_course_added,100,24,14,3,ind_vtz_digex,5/7/2022
9778679932,email_youtube_marketing_78,register_to_course,new_course_added,99,22,14,2,ind_bdq_digex,5/2/2022
4594196144,email_podcasting_21,register_to_course,marketing,99,22,13,2,ind_bdq_digex,5/5/2022
4667951028,email_internet_marketing_113,click_on_email,new_course_added,99,20,14,2,ind_bdq_digex,5/6/2022
6803941825,email_podcasting_106,click_on_email,new_course_added,98,25,14,4,ind_stv_digex,5/1/2022
1147198667,email_podcasting_29,open_link,marketing,100,25,12,3,ind_vtz_digex,5/7/2022
4012689673,email_google_analytics_66,open_link,new_course_added,100,23,12,1,ind_vtz_digex,5/6/2022
7216453786,email_youtube_marketing_158,open_link,new_course_added,98,23,14,4,ind_vtz_digex,5/1/2022
9460953530,email_podcasting_8,register_to_course,marketing,99,24,13,1,ind_vtz_digex,5/4/2022
3224036656,email_podcasting_164,click_on_email,marketing,99,21,12,2,ind_vtz_digex,5/6/2022
0347370608,email_podcasting_58,open_link,marketing,100,20,13,1,ind_vtz_digex,5/8/2022
7253086872,email_youtube_marketing_176,open_link,new_course_added,99,25,12,4,ind_stv_digex,5/4/2022
3142869301,email_youtube_marketing_11,open_link,marketing,100,21,15,3,ind_vtz_digex,5/8/2022
7466408923,email_youtube_marketing_60,click_on_email,new_course_added,99,22,11,3,ind_vtz_digex,5/7/2022
3316418628,email_email_marketing_176,open_link,new_course_added,98,24,14,3,ind_vtz_digex,5/6/2022
3242066464,email_youtube_marketing_133,click_on_email,new_course_added,99,23,12,2,ind_vtz_digex,5/6/2022
9459975917,email_internet_marketing_61,click_on_email,marketing,98,23,15,3,ind_bdq_digex,5/5/2022
4021176144,email_youtube_marketing_28,register_to_course,new_course_added,99,23,12,4,ind_vtz_digex,5/4/2022
9566050216,email_podcasting_185,open_link,new_course_added,100,23,12,1,ind_stv_digex,5/4/2022
9109035419,email_podcasting_110,click_on_email,new_course_added,100,25,14,4,ind_bdq_digex,5/7/2022
3384027973,email_podcasting_17,register_to_course,new_course_added,99,24,15,4,ind_bdq_digex,5/5/2022
8993273456,email_youtube_marketing_43,click_on_email,marketing,100,22,12,1,ind_bdq_digex,5/3/2022
9964108311,email_podcasting_118,open_link,new_course_added,99,21,12,3,ind_vtz_digex,5/1/2022
3746893372,email_podcasting_48,click_on_email,marketing,99,20,10,2,ind_vtz_digex,5/3/2022
8000377195,email_youtube_marketing_44,register_to_course,marketing,98,22,10,4,ind_vtz_digex,5/6/2022
8857083179,email_podcasting_75,register_to_course,new_course_added,100,21,15,3,ind_bdq_digex,5/3/2022
2626381896,email_podcasting_51,click_on_email,marketing,98,22,14,4,ind_bdq_digex,5/6/2022
1152023926,email_podcasting_105,open_link,new_course_added,98,24,10,3,ind_bdq_digex,5/7/2022
0339956046,email_google_analytics_34,open_link,new_course_added,99,23,11,4,ind_bdq_digex,5/1/2022
3016953323,email_youtube_marketing_196,open_link,new_course_added,100,22,15,2,ind_bdq_digex,5/4/2022
4350123830,email_podcasting_86,open_link,new_course_added,98,25,14,2,ind_vtz_digex,5/5/2022
4381511964,email_podcasting_1,register_to_course,marketing,99,24,15,2,ind_vtz_digex,5/2/2022
0427962498,email_podcasting_113,open_link,marketing,100,25,15,1,ind_vtz_digex,5/1/2022
3597686265,email_email_marketing_147,open_link,marketing,99,23,12,1,ind_vtz_digex,5/1/2022
5083717433,email_copywriting_77,open_link,marketing,98,21,13,3,ind_vtz_digex,5/7/2022
4617044280,email_email_marketing_83,open_link,new_course_added,98,24,12,4,ind_vtz_digex,5/4/2022
6981265737,email_youtube_marketing_43,open_link,new_course_added,99,25,15,2,ind_pat_digex,5/4/2022
8947797111,email_email_marketing_36,open_link,marketing,99,24,15,3,ind_vtz_digex,5/3/2022
0056889984,email_podcasting_180,click_on_email,marketing,98,21,11,1,ind_vtz_digex,5/5/2022
2330900627,email_podcasting_197,open_link,marketing,100,22,11,4,ind_stv_digex,5/8/2022
9934925400,email_podcasting_105,open_link,marketing,100,23,14,4,ind_vtz_digex,5/2/2022
6204484079,email_podcasting_164,open_link,marketing,100,24,13,3,ind_vtz_digex,5/1/2022
6351281970,email_email_marketing_77,click_on_email,marketing,99,24,11,1,ind_vtz_digex,5/8/2022
2623410208,email_podcasting_158,register_to_course,new_course_added,99,25,10,4,ind_stv_digex,5/8/2022
7046726876,email_podcasting_90,open_link,new_course_added,98,21,13,3,ind_vtz_digex,5/5/2022
4903684768,email_podcasting_142,open_link,marketing,99,24,11,2,ind_vtz_digex,5/2/2022
4665434638,email_youtube_marketing_47,click_on_email,new_course_added,99,20,15,2,ind_bdq_digex,5/2/2022
1659789001,email_podcasting_93,register_to_course,marketing,100,21,12,3,ind_bdq_digex,5/4/2022
7289432452,email_copywriting_28,open_link,marketing,99,21,15,3,ind_bdq_digex,5/4/2022
4668259772,email_youtube_marketing_180,click_on_email,marketing,98,25,11,3,ind_isk_digex,5/4/2022
7656483535,email_email_marketing_44,click_on_email,marketing,100,25,12,2,ind_bdq_digex,5/4/2022
0863028489,email_podcasting_39,open_link,new_course_added,100,24,13,3,ind_vtz_digex,5/7/2022
3855430446,email_youtube_marketing_165,open_link,marketing,100,22,11,1,ind_vtz_digex,5/4/2022
6843489001,email_youtube_marketing_135,click_on_email,new_course_added,98,22,13,1,ind_bdq_digex,5/1/2022
4159621791,email_google_analytics_46,click_on_email,marketing,99,23,13,3,ind_bdq_digex,5/4/2022
5705043767,email_email_marketing_146,register_to_course,new_course_added,99,23,10,1,ind_vtz_digex,5/7/2022
1089508123,email_youtube_marketing_165,register_to_course,marketing,98,22,14,1,ind_stv_digex,5/6/2022
2131680996,email_youtube_marketing_35,open_link,marketing,98,25,14,4,ind_stv_digex,5/6/2022
3585806694,email_podcasting_187,open_link,marketing,98,20,14,4,ind_vtz_digex,5/2/2022
1116160277,email_podcasting_32,open_link,marketing,99,21,11,2,ind_vtz_digex,5/1/2022
0380470039,email_youtube_marketing_73,open_link,new_course_added,98,24,10,1,ind_stv_digex,5/8/2022
1314361694,email_youtube_marketing_114,open_link,marketing,100,20,10,1,ind_bdq_digex,5/5/2022
5823463626,email_podcasting_193,open_link,new_course_added,99,21,14,1,ind_vtz_digex,5/6/2022
9430071890,email_podcasting_139,open_link,marketing,100,25,10,4,ind_vtz_digex,5/7/2022
3087780685,email_podcasting_186,open_link,marketing,99,25,14,1,ind_vtz_digex,5/1/2022
7462074168,email_podcasting_3,open_link,new_course_added,100,25,14,2,ind_stv_digex,5/7/2022
0886607035,email_youtube_marketing_22,register_to_course,new_course_added,100,21,15,4,ind_vtz_digex,5/4/2022
1219323594,email_podcasting_124,click_on_email,new_course_added,98,25,13,2,ind_stv_digex,5/1/2022
9574074277,email_youtube_marketing_93,open_link,new_course_added,98,21,14,4,ind_stv_digex,5/6/2022
2226567216,email_copywriting_63,open_link,new_course_added,99,20,10,3,ind_vtz_digex,5/2/2022
9963540570,email_email_marketing_81,open_link,marketing,99,24,14,1,ind_vtz_digex,5/5/2022
6954331708,email_podcasting_131,open_link,marketing,100,25,15,3,ind_vtz_digex,5/3/2022
6517332189,email_podcasting_24,open_link,marketing,98,24,14,4,ind_vtz_digex,5/7/2022
0113942117,email_podcasting_177,click_on_email,marketing,98,21,15,4,ind_vtz_digex,5/7/2022
8430139931,email_youtube_marketing_11,register_to_course,new_course_added,100,21,14,3,ind_vtz_digex,5/5/2022
3871340472,email_digital_marketing_41,open_link,new_course_added,99,25,14,1,ind_vtz_digex,5/4/2022
1046493116,email_podcasting_153,open_link,marketing,100,23,13,2,ind_vtz_digex,5/8/2022
6016078883,email_podcasting_184,open_link,new_course_added,99,24,14,1,ind_vtz_digex,5/6/2022
6478315460,email_email_marketing_27,click_on_email,new_course_added,98,25,12,2,ind_vtz_digex,5/1/2022
0633470473,email_podcasting_3,register_to_course,new_course_added,100,24,12,1,ind_stv_digex,5/5/2022
4556032776,email_podcasting_111,open_link,new_course_added,100,22,14,2,ind_vtz_digex,5/2/2022
5677699934,email_podcasting_112,click_on_email,new_course_added,99,20,13,2,ind_bdq_digex,5/4/2022
9717180083,email_youtube_marketing_84,click_on_email,new_course_added,99,24,13,4,ind_vtz_digex,5/3/2022
7968698138,email_email_marketing_11,register_to_course,new_course_added,99,24,12,3,ind_bdq_digex,5/7/2022
5041753512,email_podcasting_59,register_to_course,new_course_added,99,20,11,3,ind_vtz_digex,5/7/2022
7367960717,email_podcasting_48,click_on_email,marketing,100,23,12,3,ind_vtz_digex,5/2/2022
4222930148,email_youtube_marketing_80,register_to_course,new_course_added,100,20,12,4,ind_vtz_digex,5/1/2022
3792404087,email_youtube_marketing_13,open_link,new_course_added,98,23,11,4,ind_vtz_digex,5/8/2022
5921123293,email_youtube_marketing_199,open_link,marketing,98,25,15,2,ind_bdq_digex,5/4/2022
3047464456,email_podcasting_6,open_link,marketing,99,21,11,1,ind_ccu_digex,5/5/2022
2218349590,email_podcasting_38,open_link,new_course_added,100,24,13,3,ind_stv_digex,5/4/2022
2512284050,email_podcasting_125,click_on_email,new_course_added,100,24,15,4,ind_vtz_digex,5/3/2022
9733805580,email_podcasting_80,open_link,new_course_added,100,22,15,3,ind_vtz_digex,5/7/2022
2217122959,email_google_analytics_122,register_to_course,marketing,99,24,13,4,ind_vtz_digex,5/3/2022
6762797326,email_podcasting_55,open_link,new_course_added,100,25,10,3,ind_vtz_digex,5/2/2022
1264575947,email_email_marketing_69,open_link,new_course_added,98,25,11,1,ind_bdq_digex,5/6/2022
2197754092,email_podcasting_49,open_link,new_course_added,98,24,15,1,ind_vtz_digex,5/7/2022
4960463864,email_email_marketing_184,open_link,marketing,100,22,15,1,ind_bdq_digex,5/3/2022
7173200946,email_podcasting_82,click_on_email,new_course_added,100,25,11,1,ind_vtz_digex,5/7/2022
4228665829,email_internet_marketing_89,open_link,marketing,100,21,10,2,ind_stv_digex,5/4/2022
8362875321,email_podcasting_56,click_on_email,new_course_added,99,23,14,4,ind_vtz_digex,5/4/2022
0173095003,email_youtube_marketing_36,register_to_course,new_course_added,99,25,11,3,ind_vtz_digex,5/8/2022
9803126105,email_podcasting_180,open_link,new_course_added,99,24,12,4,ind_vtz_digex,5/8/2022
3026956929,email_youtube_marketing_125,open_link,marketing,98,24,14,3,ind_bdq_digex,5/1/2022
7764040266,email_podcasting_180,open_link,new_course_added,99,22,11,4,ind_vtz_digex,5/3/2022
5793102396,email_podcasting_35,click_on_email,marketing,98,21,10,1,ind_vtz_digex,5/3/2022
3354190191,email_podcasting_32,click_on_email,marketing,98,20,14,1,ind_vtz_digex,5/7/2022
6995244990,email_podcasting_26,register_to_course,new_course_added,98,24,15,3,ind_vtz_digex,5/8/2022
1182042287,email_email_marketing_116,click_on_email,new_course_added,99,23,13,3,ind_del_digex,5/6/2022
9425902747,email_podcasting_26,click_on_email,marketing,99,22,15,1,ind_vtz_digex,5/2/2022
1389614166,email_podcasting_82,open_link,marketing,100,21,11,3,ind_stv_digex,5/7/2022
5702438523,email_podcasting_141,open_link,marketing,98,23,12,3,ind_ded_digex,5/1/2022
8530910265,email_podcasting_84,open_link,marketing,98,23,12,3,ind_bdq_digex,5/7/2022
1666990485,email_youtube_marketing_50,register_to_course,marketing,98,20,15,1,ind_bdq_digex,5/8/2022
7814542987,email_podcasting_87,click_on_email,marketing,98,20,14,3,ind_vtz_digex,5/4/2022
6929179639,email_youtube_marketing_33,open_link,new_course_added,100,25,14,4,ind_bdq_digex,5/6/2022
6496076219,email_podcasting_96,register_to_course,new_course_added,98,23,12,2,ind_vtz_digex,5/6/2022
5363951142,email_youtube_marketing_89,open_link,new_course_added,98,22,13,1,ind_pat_digex,5/4/2022
9587944429,email_youtube_marketing_155,open_link,new_course_added,99,25,11,3,ind_vtz_digex,5/2/2022
9602893540,email_podcasting_132,open_link,new_course_added,100,25,11,3,ind_stv_digex,5/5/2022
4980744125,email_youtube_marketing_182,open_link,marketing,100,23,10,1,ind_vtz_digex,5/3/2022
9356127581,email_podcasting_186,open_link,new_course_added,100,24,10,4,ind_bdq_digex,5/6/2022
9752476635,email_podcasting_1,register_to_course,new_course_added,98,24,12,3,ind_vtz_digex,5/4/2022
5504463637,email_copywriting_25,open_link,marketing,100,24,14,3,ind_vtz_digex,5/2/2022
9985282302,email_youtube_marketing_107,open_link,marketing,98,23,15,4,ind_vtz_digex,5/4/2022
6240815977,email_youtube_marketing_35,open_link,marketing,99,23,14,3,ind_vtz_digex,5/7/2022
4951035189,email_youtube_marketing_104,click_on_email,new_course_added,100,25,14,1,ind_bdq_digex,5/7/2022
8465352771,email_copywriting_183,click_on_email,marketing,100,20,13,3,ind_stv_digex,5/8/2022
4945403732,email_email_marketing_136,open_link,new_course_added,98,25,11,2,ind_pat_digex,5/3/2022
9021645785,email_podcasting_147,register_to_course,marketing,100,24,14,3,ind_vtz_digex,5/2/2022
7987770280,email_podcasting_158,register_to_course,marketing,98,25,12,1,ind_vtz_digex,5/5/2022
2528895496,email_youtube_marketing_23,open_link,marketing,98,21,10,4,ind_vtz_digex,5/2/2022
4930359309,email_podcasting_114,register_to_course,marketing,98,22,10,2,ind_vtz_digex,5/1/2022
3022647417,email_copywriting_61,open_link,new_course_added,99,23,15,4,ind_pat_digex,5/8/2022
3412468207,email_youtube_marketing_148,open_link,marketing,100,23,15,1,ind_vtz_digex,5/4/2022
5409880242,email_podcasting_84,open_link,marketing,98,22,15,2,ind_vtz_digex,5/5/2022
8597499427,email_podcasting_33,open_link,marketing,100,21,12,3,ind_vtz_digex,5/6/2022
3770274326,email_copywriting_34,open_link,marketing,98,24,13,4,ind_isk_digex,5/8/2022
5747919172,email_email_marketing_144,open_link,marketing,98,24,11,1,ind_vtz_digex,5/6/2022
9189086287,email_youtube_marketing_41,open_link,marketing,100,25,12,1,ind_bdq_digex,5/5/2022
8018181012,email_podcasting_26,open_link,marketing,100,22,15,1,ind_vtz_digex,5/6/2022
1627084045,email_youtube_marketing_193,open_link,marketing,100,22,11,2,ind_stv_digex,5/4/2022
9996912957,email_youtube_marketing_147,open_link,marketing,98,23,15,1,ind_bdq_digex,5/3/2022
4094478159,email_podcasting_19,register_to_course,new_course_added,98,24,15,3,ind_bdq_digex,5/6/2022
7288550389,email_youtube_marketing_194,open_link,new_course_added,99,22,12,3,ind_vtz_digex,5/5/2022
8683205584,email_marketing_strategy_193,click_on_email,marketing,99,25,12,1,ind_bdq_digex,5/4/2022
1503655261,email_podcasting_45,register_to_course,new_course_added,99,23,10,2,ind_vtz_digex,5/4/2022
9947497569,email_podcasting_4,click_on_email,marketing,98,22,12,4,ind_vtz_digex,5/2/2022
7145363380,email_podcasting_195,register_to_course,marketing,100,24,13,1,ind_stv_digex,5/6/2022
1959233335,email_podcasting_147,register_to_course,marketing,99,24,13,3,ind_stv_digex,5/6/2022
9719145056,email_podcasting_168,register_to_course,marketing,98,21,15,1,ind_vtz_digex,5/4/2022
2611395160,email_podcasting_69,open_link,new_course_added,98,23,12,1,ind_vtz_digex,5/8/2022
4760391479,email_podcasting_175,register_to_course,marketing,100,20,10,4,ind_bdq_digex,5/4/2022
0794641709,email_podcasting_44,open_link,new_course_added,98,20,14,4,ind_vtz_digex,5/6/2022
6540962649,email_youtube_marketing_10,click_on_email,new_course_added,100,24,12,4,ind_vtz_digex,5/1/2022
8373794719,email_copywriting_119,register_to_course,new_course_added,100,22,13,1,ind_stv_digex,5/5/2022
1662586272,email_email_marketing_41,open_link,marketing,99,20,13,2,ind_vtz_digex,5/8/2022
7124083753,email_podcasting_109,click_on_email,marketing,99,20,11,1,ind_vtz_digex,5/7/2022
4036711032,email_google_analytics_157,register_to_course,marketing,100,25,13,4,ind_ccu_digex,5/7/2022
8177699466,email_podcasting_159,click_on_email,marketing,100,22,15,3,ind_vtz_digex,5/7/2022
6337056787,email_youtube_marketing_108,click_on_email,marketing,100,23,11,3,ind_stv_digex,5/4/2022
4170721861,email_youtube_marketing_10,open_link,new_course_added,98,20,13,2,ind_stv_digex,5/6/2022
6360755041,email_podcasting_157,click_on_email,marketing,100,25,12,2,ind_ixc_digex,5/7/2022
1954646682,email_copywriting_10,open_link,marketing,99,24,10,3,ind_bdq_digex,5/2/2022
0730037169,email_youtube_marketing_69,open_link,marketing,99,20,11,1,ind_vtz_digex,5/2/2022
8177582844,email_youtube_marketing_82,open_link,new_course_added,100,23,15,1,ind_vtz_digex,5/3/2022
9038785402,email_podcasting_30,open_link,marketing,99,25,14,2,ind_vtz_digex,5/4/2022
8896106184,email_podcasting_20,click_on_email,marketing,99,23,13,4,ind_vtz_digex,5/1/2022
0365847305,email_podcasting_36,register_to_course,new_course_added,99,20,12,3,ind_bdq_digex,5/4/2022
6806516297,email_podcasting_156,click_on_email,new_course_added,99,25,11,3,ind_vtz_digex,5/5/2022
1284956156,email_youtube_marketing_30,open_link,marketing,100,24,15,4,ind_stv_digex,5/6/2022
4542804763,email_podcasting_92,register_to_course,marketing,99,24,12,1,ind_vtz_digex,5/3/2022
8668363840,email_podcasting_177,click_on_email,marketing,99,22,12,3,ind_bdq_digex,5/1/2022
8746453490,email_podcasting_103,register_to_course,new_course_added,98,23,14,2,ind_vtz_digex,5/7/2022
1200727398,email_podcasting_166,open_link,new_course_added,100,21,10,1,ind_vtz_digex,5/2/2022
0785539158,email_podcasting_11,register_to_course,new_course_added,99,20,13,3,ind_del_digex,5/1/2022
3894168056,email_podcasting_5,open_link,new_course_added,98,25,10,1,ind_vtz_digex,5/7/2022
6458566778,email_podcasting_67,open_link,marketing,99,21,12,4,ind_vtz_digex,5/2/2022
5683190452,email_podcasting_64,click_on_email,new_course_added,99,25,13,1,ind_vtz_digex,5/1/2022
0123713285,email_youtube_marketing_18,click_on_email,marketing,98,25,11,2,ind_vtz_digex,5/1/2022
0200565176,email_podcasting_169,open_link,new_course_added,99,23,14,3,ind_bdq_digex,5/4/2022
1338052918,email_email_marketing_130,register_to_course,marketing,100,23,11,1,ind_bdq_digex,5/4/2022
3175083560,email_podcasting_67,register_to_course,marketing,98,23,15,4,ind_stv_digex,5/5/2022
0137220391,email_podcasting_158,open_link,new_course_added,98,25,14,2,ind_vtz_digex,5/6/2022
0864186746,email_email_marketing_100,click_on_email,marketing,99,23,12,3,ind_bdq_digex,5/1/2022
1521813027,email_youtube_marketing_24,open_link,new_course_added,99,22,10,2,ind_vtz_digex,5/3/2022
7610779997,email_email_marketing_113,register_to_course,new_course_added,98,24,11,2,ind_bdq_digex,5/1/2022
7580884925,email_youtube_marketing_88,open_link,new_course_added,100,20,13,3,ind_ccu_digex,5/3/2022
6154399987,email_podcasting_73,register_to_course,marketing,100,21,10,2,ind_bdq_digex,5/8/2022
4400960811,email_podcasting_89,open_link,new_course_added,99,25,15,3,ind_vtz_digex,5/7/2022
6006294516,email_podcasting_76,click_on_email,marketing,98,21,10,2,ind_stv_digex,5/3/2022
9483285208,email_youtube_marketing_27,open_link,new_course_added,98,24,14,4,ind_bdq_digex,5/7/2022
6093115992,email_podcasting_90,click_on_email,marketing,98,24,13,4,ind_vtz_digex,5/7/2022
6181420762,email_email_marketing_145,open_link,marketing,99,25,15,4,ind_pat_digex,5/7/2022
7587346686,email_youtube_marketing_45,open_link,new_course_added,99,25,15,4,ind_bdq_digex,5/5/2022
9506658404,email_email_marketing_97,click_on_email,new_course_added,99,24,10,3,ind_vtz_digex,5/4/2022
4202383028,email_podcasting_125,register_to_course,marketing,100,21,14,4,ind_bdq_digex,5/6/2022
6506014067,email_podcasting_38,open_link,marketing,98,25,14,4,ind_vtz_digex,5/1/2022
0187261539,email_podcasting_82,register_to_course,new_course_added,98,25,15,2,ind_bdq_digex,5/2/2022
9088948216,email_google_analytics_71,register_to_course,new_course_added,99,24,13,2,ind_vtz_digex,5/4/2022
9645997542,email_podcasting_33,open_link,new_course_added,99,20,13,2,ind_del_digex,5/4/2022
4586118490,email_google_analytics_160,register_to_course,marketing,98,23,14,4,ind_vtz_digex,5/8/2022
0149051182,email_copywriting_80,register_to_course,marketing,99,22,13,3,ind_ixc_digex,5/1/2022
4038764583,email_email_marketing_57,register_to_course,new_course_added,99,23,11,1,ind_vtz_digex,5/1/2022
7770960487,email_podcasting_112,click_on_email,marketing,100,20,15,4,ind_vtz_digex,5/4/2022
4917474000,email_email_marketing_15,open_link,marketing,99,24,12,2,ind_bdq_digex,5/8/2022
4716864081,email_youtube_marketing_50,open_link,new_course_added,99,21,11,4,ind_stv_digex,5/6/2022
9928402019,email_copywriting_145,open_link,new_course_added,100,25,12,3,ind_bdq_digex,5/4/2022
5515017668,email_podcasting_23,click_on_email,marketing,98,21,12,4,ind_vtz_digex,5/4/2022
4540366483,email_copywriting_62,open_link,new_course_added,99,20,10,1,ind_isk_digex,5/8/2022
6429785076,email_internet_marketing_160,open_link,marketing,100,22,10,3,ind_vtz_digex,5/2/2022
2555637028,email_podcasting_148,open_link,marketing,99,20,15,3,ind_bdq_digex,5/1/2022
2200854331,email_email_marketing_34,click_on_email,marketing,100,21,11,3,ind_vtz_digex,5/2/2022
7242142326,email_podcasting_155,open_link,new_course_added,99,23,11,4,ind_bdq_digex,5/5/2022
7978253473,email_podcasting_143,open_link,marketing,98,20,15,2,ind_pat_digex,5/8/2022
1321288808,email_podcasting_19,open_link,marketing,98,22,15,4,ind_vtz_digex,5/7/2022
9791923027,email_podcasting_180,click_on_email,new_course_added,100,22,11,3,ind_vtz_digex,5/6/2022
4993271395,email_copywriting_170,register_to_course,new_course_added,99,22,10,1,ind_bdq_digex,5/8/2022
8947278750,email_podcasting_69,open_link,new_course_added,99,20,15,1,ind_vtz_digex,5/7/2022
6383428128,email_email_marketing_86,click_on_email,marketing,100,21,11,2,ind_vtz_digex,5/5/2022
9507172394,email_copywriting_16,open_link,new_course_added,100,22,11,2,ind_vtz_digex,5/1/2022
8683562360,email_youtube_marketing_98,open_link,marketing,98,22,14,3,ind_stv_digex,5/6/2022
7720050819,email_copywriting_38,open_link,marketing,100,21,13,3,ind_vtz_digex,5/1/2022
2625194502,email_podcasting_53,register_to_course,marketing,98,24,10,2,ind_vtz_digex,5/1/2022
5031859547,email_youtube_marketing_78,open_link,new_course_added,98,23,11,2,ind_vtz_digex,5/4/2022
1536990752,email_youtube_marketing_166,open_link,new_course_added,99,24,10,3,ind_vtz_digex,5/1/2022
2586388895,email_copywriting_135,register_to_course,marketing,99,24,14,1,ind_bdq_digex,5/3/2022
9931239603,email_youtube_marketing_149,open_link,new_course_added,100,20,14,3,ind_vtz_digex,5/3/2022
5204511202,email_podcasting_137,click_on_email,marketing,100,24,12,2,ind_stv_digex,5/4/2022
5845329787,email_podcasting_13,open_link,new_course_added,100,24,12,1,ind_vtz_digex,5/4/2022
8243355618,email_youtube_marketing_162,click_on_email,marketing,99,20,12,4,ind_vtz_digex,5/5/2022
0163762155,email_podcasting_81,open_link,new_course_added,98,25,15,2,ind_stv_digex,5/5/2022
4828177396,email_podcasting_159,click_on_email,new_course_added,99,21,13,3,ind_vtz_digex,5/5/2022
3161021908,email_email_marketing_112,open_link,marketing,98,25,15,4,ind_vtz_digex,5/8/2022
9646591582,email_google_analytics_60,click_on_email,marketing,98,25,14,3,ind_stv_digex,5/4/2022
4300949506,email_email_marketing_21,click_on_email,new_course_added,98,20,10,2,ind_vtz_digex,5/4/2022
0456781366,email_podcasting_129,open_link,marketing,98,20,11,2,ind_isk_digex,5/6/2022
7279470157,email_podcasting_21,register_to_course,marketing,100,21,14,1,ind_stv_digex,5/3/2022
8286974182,email_google_analytics_140,click_on_email,marketing,100,22,15,3,ind_vtz_digex,5/4/2022
8778602262,email_youtube_marketing_48,register_to_course,marketing,99,20,15,3,ind_myq_digex,5/2/2022
2808037090,email_email_marketing_118,register_to_course,new_course_added,98,21,12,1,ind_vtz_digex,5/5/2022
3916918079,email_podcasting_134,open_link,marketing,100,22,13,4,ind_ccu_digex,5/6/2022
6176066883,email_google_analytics_150,click_on_email,marketing,98,23,15,2,ind_bdq_digex,5/3/2022
3208628129,email_youtube_marketing_155,click_on_email,new_course_added,98,23,12,1,ind_vtz_digex,5/2/2022
6021608305,email_youtube_marketing_160,register_to_course,new_course_added,99,23,11,3,ind_vtz_digex,5/5/2022
5086509858,email_google_analytics_109,open_link,new_course_added,100,23,11,3,ind_vtz_digex,5/4/2022
9104873807,email_podcasting_193,open_link,new_course_added,99,22,13,4,ind_bdq_digex,5/2/2022
8074436845,email_podcasting_153,register_to_course,new_course_added,98,23,11,2,ind_vtz_digex,5/2/2022
4937227475,email_google_analytics_154,open_link,marketing,98,25,15,1,ind_stv_digex,5/2/2022
9040228655,email_podcasting_172,register_to_course,marketing,99,22,13,3,ind_stv_digex,5/4/2022
9601316388,email_podcasting_169,open_link,marketing,98,20,11,1,ind_vtz_digex,5/5/2022
4316294725,email_copywriting_5,open_link,marketing,98,23,10,1,ind_del_digex,5/8/2022
6274383743,email_youtube_marketing_10,click_on_email,marketing,98,22,15,3,ind_pat_digex,5/7/2022
5412366899,email_podcasting_98,click_on_email,marketing,100,23,15,3,ind_bdq_digex,5/4/2022
0759804397,email_podcasting_140,open_link,new_course_added,98,25,12,1,ind_ccu_digex,5/7/2022
3026504939,email_youtube_marketing_102,register_to_course,new_course_added,100,24,15,3,ind_vtz_digex,5/6/2022
2108807756,email_podcasting_186,open_link,marketing,100,23,15,4,ind_pat_digex,5/2/2022
1948720809,email_podcasting_178,click_on_email,new_course_added,99,24,15,3,ind_vtz_digex,5/5/2022
1245471465,email_podcasting_50,register_to_course,marketing,99,23,10,2,ind_stv_digex,5/2/2022
5341173562,email_podcasting_168,click_on_email,marketing,99,20,14,3,ind_vtz_digex,5/8/2022
1873434235,email_internet_marketing_1,open_link,new_course_added,99,24,13,4,ind_bdq_digex,5/7/2022
6831217591,email_podcasting_157,register_to_course,marketing,98,23,12,3,ind_vtz_digex,5/3/2022
6441734419,email_email_marketing_48,open_link,marketing,98,25,13,2,ind_vtz_digex,5/4/2022
8028579647,email_youtube_marketing_22,click_on_email,new_course_added,99,20,14,1,ind_bdq_digex,5/7/2022
2559810778,email_youtube_marketing_184,register_to_course,new_course_added,99,25,15,1,ind_bdq_digex,5/7/2022
3855129185,email_podcasting_95,register_to_course,new_course_added,98,21,14,2,ind_bdq_digex,5/8/2022
1224530195,email_youtube_marketing_154,click_on_email,marketing,98,22,14,4,ind_bdq_digex,5/8/2022
3630492134,email_podcasting_159,open_link,new_course_added,99,20,15,2,ind_vtz_digex,5/3/2022
9650865225,email_podcasting_106,open_link,marketing,100,23,14,4,ind_vtz_digex,5/5/2022
6116371752,email_podcasting_186,open_link,new_course_added,100,21,14,4,ind_stv_digex,5/5/2022
0721004067,email_google_analytics_145,click_on_email,marketing,99,20,12,1,ind_myq_digex,5/8/2022
7285557161,email_email_marketing_151,open_link,marketing,99,23,13,2,ind_bdq_digex,5/5/2022
6053840246,email_podcasting_199,click_on_email,new_course_added,99,22,11,1,ind_pat_digex,5/8/2022
0009103279,email_podcasting_29,click_on_email,new_course_added,98,21,10,2,ind_bdq_digex,5/3/2022
8356012988,email_podcasting_184,open_link,new_course_added,100,23,10,1,ind_vtz_digex,5/1/2022
3550559763,email_podcasting_183,click_on_email,marketing,98,23,14,3,ind_bdq_digex,5/5/2022
9666583623,email_podcasting_119,register_to_course,new_course_added,98,24,10,4,ind_stv_digex,5/2/2022
9038136048,email_google_analytics_172,open_link,marketing,98,24,10,4,ind_vtz_digex,5/4/2022
4551868035,email_podcasting_89,open_link,new_course_added,99,20,12,1,ind_vtz_digex,5/2/2022
0172771331,email_google_analytics_66,open_link,new_course_added,98,20,11,2,ind_vtz_digex,5/3/2022
1224865367,email_podcasting_131,click_on_email,marketing,100,25,14,1,ind_stv_digex,5/6/2022
5893870018,email_google_analytics_104,open_link,new_course_added,98,25,14,3,ind_bdq_digex,5/4/2022
1138946842,email_podcasting_1,open_link,new_course_added,99,25,13,3,ind_stv_digex,5/3/2022
4471536257,email_podcasting_35,register_to_course,new_course_added,100,21,12,4,ind_stv_digex,5/5/2022
5856148517,email_google_analytics_90,click_on_email,marketing,100,23,12,4,ind_vtz_digex,5/1/2022
3755632039,email_podcasting_34,open_link,new_course_added,99,21,13,3,ind_vtz_digex,5/4/2022
5097624181,email_copywriting_42,open_link,marketing,100,22,12,4,ind_vtz_digex,5/2/2022
4338730552,email_podcasting_156,click_on_email,marketing,100,20,13,1,ind_vtz_digex,5/4/2022
8448198514,email_podcasting_65,open_link,new_course_added,98,21,14,3,ind_vtz_digex,5/6/2022
7899174082,email_podcasting_10,register_to_course,new_course_added,100,24,14,2,ind_bdq_digex,5/2/2022
7556950514,email_podcasting_176,open_link,new_course_added,98,24,13,2,ind_vtz_digex,5/4/2022
7075830295,email_youtube_marketing_154,open_link,marketing,99,25,14,4,ind_pat_digex,5/7/2022
7320942526,email_email_marketing_60,open_link,marketing,99,22,13,4,ind_bdq_digex,5/8/2022
6854165962,email_podcasting_7,register_to_course,marketing,98,21,13,2,ind_bdq_digex,5/7/2022
3114124909,email_podcasting_21,register_to_course,marketing,99,21,14,1,ind_vtz_digex,5/5/2022
4152778601,email_social_media_marketing_193,open_link,marketing,100,25,14,2,ind_vtz_digex,5/7/2022
2681296706,email_podcasting_11,open_link,marketing,100,25,15,1,ind_vtz_digex,5/7/2022
4422225731,email_podcasting_101,open_link,marketing,99,23,10,1,ind_vtz_digex,5/6/2022
7324171303,email_podcasting_93,click_on_email,marketing,98,24,15,2,ind_vtz_digex,5/7/2022
2404208764,email_podcasting_126,register_to_course,new_course_added,98,22,15,2,ind_vtz_digex,5/4/2022
9705641862,email_youtube_marketing_196,open_link,new_course_added,100,22,13,3,ind_bdq_digex,5/7/2022
7563350462,email_podcasting_189,open_link,marketing,99,21,11,3,ind_bdq_digex,5/6/2022
1073755576,email_podcasting_79,register_to_course,new_course_added,100,23,11,4,ind_vtz_digex,5/1/2022
9431072599,email_podcasting_142,open_link,new_course_added,100,23,14,2,ind_myq_digex,5/8/2022
3897247046,email_podcasting_20,register_to_course,marketing,100,23,15,4,ind_vtz_digex,5/7/2022
1121753868,email_podcasting_153,open_link,marketing,100,20,14,1,ind_vtz_digex,5/8/2022
8352940058,email_podcasting_70,open_link,new_course_added,99,21,11,3,ind_bdq_digex,5/7/2022
2573592294,email_podcasting_61,click_on_email,new_course_added,99,20,15,2,ind_vtz_digex,5/1/2022
0668854707,email_podcasting_94,click_on_email,new_course_added,99,21,12,4,ind_stv_digex,5/8/2022
1310943168,email_email_marketing_142,open_link,new_course_added,98,25,13,3,ind_vtz_digex,5/6/2022
7901974419,email_email_marketing_123,click_on_email,new_course_added,100,25,10,4,ind_myq_digex,5/8/2022
7043584469,email_email_marketing_155,open_link,new_course_added,100,24,12,1,ind_pat_digex,5/1/2022
7210443657,email_business_plan_35,open_link,new_course_added,98,21,10,1,ind_bdq_digex,5/8/2022
5986107837,email_podcasting_185,open_link,marketing,99,24,11,2,ind_vtz_digex,5/2/2022
2475942177,email_podcasting_154,open_link,marketing,99,24,12,3,ind_vtz_digex,5/1/2022
2268335631,email_podcasting_123,open_link,new_course_added,99,24,10,1,ind_stv_digex,5/2/2022
2659641501,email_podcasting_118,click_on_email,new_course_added,98,23,12,3,ind_stv_digex,5/3/2022
8571317658,email_youtube_marketing_200,open_link,new_course_added,100,25,13,1,ind_stv_digex,5/4/2022
3628993067,email_youtube_marketing_4,open_link,new_course_added,98,23,14,2,ind_pat_digex,5/1/2022
4880787116,email_youtube_marketing_142,click_on_email,marketing,99,21,13,2,ind_bdq_digex,5/7/2022
4612324358,email_youtube_marketing_138,register_to_course,marketing,99,21,11,3,ind_ixc_digex,5/4/2022
0433387173,email_podcasting_69,click_on_email,new_course_added,100,20,14,3,ind_vtz_digex,5/3/2022
0597181764,email_podcasting_89,register_to_course,marketing,98,23,15,2,ind_vtz_digex,5/5/2022
6035221777,email_copywriting_19,register_to_course,marketing,98,23,13,3,ind_pat_digex,5/2/2022
1450106447,email_podcasting_64,open_link,new_course_added,99,20,12,3,ind_bdq_digex,5/3/2022
2994508583,email_email_marketing_121,open_link,new_course_added,100,21,15,2,ind_bdq_digex,5/2/2022
0856740411,email_google_analytics_71,click_on_email,new_course_added,98,22,11,1,ind_vtz_digex,5/4/2022
8436932102,email_email_marketing_1,click_on_email,marketing,99,22,13,2,ind_vtz_digex,5/1/2022
2368764232,email_youtube_marketing_106,click_on_email,new_course_added,99,23,12,3,ind_vtz_digex,5/5/2022
3412842958,email_email_marketing_151,register_to_course,marketing,98,25,14,4,ind_vtz_digex,5/3/2022
3832870369,email_copywriting_3,open_link,new_course_added,100,22,12,4,ind_vtz_digex,5/2/2022
6321862304,email_youtube_marketing_125,click_on_email,new_course_added,100,20,15,2,ind_bdq_digex,5/1/2022
2725961548,email_podcasting_74,open_link,marketing,98,25,10,1,ind_vtz_digex,5/5/2022
1842350226,email_podcasting_101,open_link,marketing,100,22,13,3,ind_bdq_digex,5/6/2022
1795475986,email_youtube_marketing_72,register_to_course,marketing,99,23,14,3,ind_stv_digex,5/4/2022
4199288333,email_podcasting_95,register_to_course,new_course_added,100,23,10,1,ind_bdq_digex,5/7/2022
4239041619,email_email_marketing_118,open_link,new_course_added,98,24,12,1,ind_vtz_digex,5/5/2022
9063274084,email_podcasting_75,open_link,marketing,98,25,13,3,ind_vtz_digex,5/8/2022
0221463208,email_podcasting_60,open_link,new_course_added,98,23,10,3,ind_vtz_digex,5/2/2022
7390864974,email_email_marketing_60,open_link,new_course_added,99,24,15,3,ind_myq_digex,5/4/2022
3516236787,email_podcasting_190,open_link,new_course_added,99,25,12,4,ind_vtz_digex,5/8/2022
3524814212,email_email_marketing_70,register_to_course,marketing,99,23,14,2,ind_vtz_digex,5/1/2022
0117251194,email_podcasting_155,open_link,new_course_added,99,25,14,1,ind_bdq_digex,5/6/2022
5564394364,email_podcasting_68,click_on_email,marketing,98,23,15,2,ind_vtz_digex,5/6/2022
5798127826,email_podcasting_92,register_to_course,new_course_added,98,20,13,1,ind_vtz_digex,5/2/2022
4926390671,email_podcasting_101,open_link,marketing,99,20,11,3,ind_vtz_digex,5/7/2022
7233619948,email_youtube_marketing_124,open_link,marketing,98,25,10,4,ind_vtz_digex,5/1/2022
6394430544,email_podcasting_123,open_link,new_course_added,99,21,14,4,ind_bdq_digex,5/4/2022
0545825229,email_podcasting_186,register_to_course,new_course_added,99,25,13,3,ind_bdq_digex,5/1/2022
6605425154,email_copywriting_11,open_link,marketing,99,23,15,4,ind_vtz_digex,5/1/2022
5190765342,email_podcasting_149,open_link,new_course_added,100,20,11,2,ind_bdq_digex,5/1/2022
6564482574,email_email_marketing_61,open_link,marketing,100,22,13,2,ind_vtz_digex,5/7/2022
3185356373,email_podcasting_46,click_on_email,marketing,100,25,15,3,ind_bdq_digex,5/2/2022
6631503337,email_youtube_marketing_8,click_on_email,marketing,99,25,10,4,ind_bdq_digex,5/5/2022
1810843383,email_podcasting_65,register_to_course,new_course_added,98,24,11,3,ind_vtz_digex,5/8/2022
7147817516,email_podcasting_49,register_to_course,new_course_added,100,24,14,3,ind_stv_digex,5/8/2022
3693860300,email_email_marketing_191,click_on_email,marketing,98,24,14,1,ind_vtz_digex,5/1/2022
2730715320,email_podcasting_104,open_link,new_course_added,100,24,13,1,ind_vtz_digex,5/5/2022
3442681545,email_podcasting_60,open_link,marketing,98,23,10,3,ind_vtz_digex,5/1/2022
2124746170,email_podcasting_145,click_on_email,marketing,99,24,10,1,ind_bdq_digex,5/1/2022
2561668355,email_podcasting_125,register_to_course,new_course_added,98,20,15,1,ind_vtz_digex,5/7/2022
2660183023,email_podcasting_170,register_to_course,new_course_added,99,24,15,1,ind_bdq_digex,5/8/2022
0034453563,email_podcasting_54,open_link,marketing,99,23,10,3,ind_bdq_digex,5/3/2022
5393881320,email_podcasting_124,register_to_course,marketing,99,23,11,1,ind_vtz_digex,5/2/2022
6182439130,email_youtube_marketing_118,click_on_email,new_course_added,99,21,10,1,ind_vtz_digex,5/2/2022
4017926681,email_copywriting_120,click_on_email,new_course_added,99,22,15,4,ind_vtz_digex,5/6/2022
0011834609,email_youtube_marketing_95,open_link,new_course_added,100,25,15,4,ind_stv_digex,5/3/2022
1325773638,email_podcasting_131,click_on_email,new_course_added,100,24,10,1,ind_bdq_digex,5/2/2022
6766290285,email_marketing_strategy_177,click_on_email,new_course_added,98,25,10,2,ind_vtz_digex,5/4/2022
5272040406,email_email_marketing_51,register_to_course,new_course_added,98,25,11,3,ind_vtz_digex,5/8/2022
4679980354,email_email_marketing_106,open_link,marketing,98,23,10,3,ind_stv_digex,5/4/2022
8912376012,email_email_marketing_62,register_to_course,marketing,98,25,13,4,ind_stv_digex,5/1/2022
7496890472,email_email_marketing_51,click_on_email,new_course_added,100,24,13,1,ind_pat_digex,5/6/2022
3139799365,email_podcasting_70,register_to_course,marketing,98,23,14,4,ind_vtz_digex,5/6/2022
6556898295,email_podcasting_101,register_to_course,new_course_added,98,20,10,3,ind_vtz_digex,5/7/2022
6284397062,email_email_marketing_126,open_link,new_course_added,99,25,15,3,ind_vtz_digex,5/6/2022
0589051075,email_podcasting_124,open_link,new_course_added,100,24,13,2,ind_vtz_digex,5/4/2022
2827094800,email_podcasting_98,open_link,marketing,98,23,14,2,ind_bdq_digex,5/6/2022
0650279557,email_google_analytics_18,open_link,marketing,99,23,10,2,ind_vtz_digex,5/5/2022
6758771261,email_podcasting_109,open_link,marketing,100,24,10,2,ind_bdq_digex,5/8/2022
8986021056,email_email_marketing_69,register_to_course,new_course_added,100,22,14,3,ind_bdq_digex,5/5/2022
5678711695,email_podcasting_199,open_link,new_course_added,98,20,13,2,ind_vtz_digex,5/1/2022
4494397512,email_podcasting_66,open_link,marketing,100,25,13,1,ind_stv_digex,5/8/2022
6198861082,email_youtube_marketing_161,click_on_email,marketing,98,22,15,3,ind_pat_digex,5/4/2022
9447970281,email_copywriting_2,open_link,marketing,100,23,14,3,ind_vtz_digex,5/3/2022
0084948337,email_podcasting_77,open_link,new_course_added,99,21,11,2,ind_vtz_digex,5/4/2022
3569128830,email_podcasting_112,open_link,marketing,98,24,11,4,ind_stv_digex,5/3/2022
6106895031,email_youtube_marketing_171,click_on_email,marketing,100,24,10,2,ind_bdq_digex,5/1/2022
7143495239,email_google_analytics_44,click_on_email,marketing,98,20,15,2,ind_vtz_digex,5/7/2022
9225160704,email_podcasting_28,open_link,new_course_added,99,25,15,4,ind_vtz_digex,5/3/2022
7362207085,email_podcasting_77,register_to_course,marketing,100,23,12,2,ind_vtz_digex,5/5/2022
4433426520,email_email_marketing_74,click_on_email,marketing,99,25,11,2,ind_ded_digex,5/1/2022
0257694250,email_podcasting_94,open_link,marketing,98,25,13,1,ind_bdq_digex,5/6/2022
6609340439,email_copywriting_111,open_link,new_course_added,99,21,15,1,ind_ccu_digex,5/7/2022
3729586033,email_email_marketing_126,open_link,marketing,99,23,10,2,ind_bdq_digex,5/4/2022
7917902463,email_podcasting_49,click_on_email,new_course_added,99,22,15,4,ind_vtz_digex,5/4/2022
5299816170,email_internet_marketing_169,open_link,marketing,100,21,13,3,ind_ccu_digex,5/5/2022
4342116340,email_podcasting_168,open_link,marketing,98,25,15,3,ind_vtz_digex,5/3/2022
8828725419,email_podcasting_111,open_link,marketing,98,20,11,3,ind_vtz_digex,5/2/2022
8725385283,email_email_marketing_110,register_to_course,marketing,99,25,12,3,ind_stv_digex,5/6/2022
4575848654,email_podcasting_135,click_on_email,marketing,100,22,12,1,ind_vtz_digex,5/1/2022
1498736092,email_email_marketing_38,register_to_course,marketing,99,23,15,2,ind_myq_digex,5/7/2022
0881253243,email_email_marketing_142,open_link,marketing,100,20,12,3,ind_bdq_digex,5/3/2022
2063983534,email_youtube_marketing_10,open_link,marketing,100,22,15,4,ind_vtz_digex,5/5/2022
9918255978,email_youtube_marketing_8,click_on_email,new_course_added,98,24,14,3,ind_vtz_digex,5/4/2022
1045391123,email_podcasting_94,click_on_email,new_course_added,100,22,12,4,ind_vtz_digex,5/7/2022
3855153132,email_google_analytics_195,open_link,new_course_added,99,25,14,2,ind_pat_digex,5/1/2022
0319108511,email_podcasting_153,open_link,new_course_added,98,23,11,2,ind_vtz_digex,5/5/2022
0044815042,email_podcasting_57,click_on_email,new_course_added,98,23,15,1,ind_stv_digex,5/2/2022
4142670476,email_podcasting_129,open_link,new_course_added,100,21,11,2,ind_vtz_digex,5/4/2022
1592334989,email_youtube_marketing_15,register_to_course,marketing,99,23,10,4,ind_stv_digex,5/8/2022
7957665853,email_podcasting_155,click_on_email,marketing,100,24,15,3,ind_vtz_digex,5/6/2022
5594109153,email_podcasting_58,register_to_course,marketing,99,22,13,4,ind_vtz_digex,5/4/2022
6022348307,email_youtube_marketing_29,click_on_email,marketing,98,22,13,4,ind_vtz_digex,5/2/2022
9331013620,email_email_marketing_13,click_on_email,marketing,99,23,11,4,ind_vtz_digex,5/7/2022
7201110667,email_podcasting_34,click_on_email,marketing,99,20,12,2,ind_vtz_digex,5/6/2022
8482404873,email_podcasting_131,click_on_email,marketing,99,23,10,1,ind_vtz_digex,5/6/2022
3867739293,email_email_marketing_184,register_to_course,marketing,98,25,12,1,ind_pat_digex,5/2/2022
4863319053,email_podcasting_79,open_link,new_course_added,98,22,11,1,ind_bdq_digex,5/4/2022
9058168999,email_email_marketing_175,register_to_course,new_course_added,99,21,13,1,ind_stv_digex,5/2/2022
4923106239,email_podcasting_64,register_to_course,marketing,98,21,14,1,ind_vtz_digex,5/7/2022
3398471269,email_email_marketing_151,register_to_course,new_course_added,99,23,13,4,ind_vtz_digex,5/8/2022
7990384825,email_copywriting_68,open_link,new_course_added,100,25,10,2,ind_pat_digex,5/1/2022
8254382123,email_youtube_marketing_36,open_link,marketing,98,25,14,3,ind_bdq_digex,5/7/2022
3670561196,email_podcasting_65,register_to_course,marketing,100,23,14,1,ind_vtz_digex,5/7/2022
4446366270,email_podcasting_100,open_link,marketing,98,22,12,3,ind_vtz_digex,5/5/2022
7625357074,email_podcasting_108,open_link,marketing,99,20,11,3,ind_vtz_digex,5/6/2022
6132630899,email_email_marketing_115,open_link,new_course_added,100,21,11,4,ind_vtz_digex,5/4/2022
9288996672,email_youtube_marketing_184,click_on_email,marketing,100,23,11,4,ind_bdq_digex,5/3/2022
4539743724,email_youtube_marketing_110,register_to_course,marketing,99,25,15,4,ind_vtz_digex,5/6/2022
2462830928,email_google_analytics_127,register_to_course,marketing,100,23,10,4,ind_pat_digex,5/7/2022
4120258300,email_youtube_marketing_124,open_link,new_course_added,98,23,10,3,ind_vtz_digex,5/1/2022
9171260609,email_copywriting_108,open_link,marketing,98,25,15,1,ind_vtz_digex,5/1/2022
6924009069,email_email_marketing_190,open_link,new_course_added,100,22,11,4,ind_vtz_digex,5/1/2022
9178960398,email_podcasting_137,register_to_course,marketing,100,23,14,4,ind_vtz_digex,5/7/2022
6769903601,email_podcasting_125,open_link,marketing,100,25,10,3,ind_vtz_digex,5/3/2022
4730797949,email_youtube_marketing_182,register_to_course,new_course_added,100,25,13,1,ind_bdq_digex,5/3/2022
6144355847,email_podcasting_13,click_on_email,new_course_added,99,20,13,1,ind_isk_digex,5/4/2022
3213348481,email_youtube_marketing_55,register_to_course,new_course_added,100,23,11,2,ind_vtz_digex,5/4/2022
7707747712,email_podcasting_13,open_link,new_course_added,100,23,13,1,ind_vtz_digex,5/6/2022
2840508699,email_email_marketing_140,register_to_course,marketing,99,20,13,1,ind_vtz_digex,5/6/2022
2069642526,email_copywriting_168,register_to_course,new_course_added,98,22,12,3,ind_bdq_digex,5/7/2022
4211305042,email_youtube_marketing_12,open_link,new_course_added,98,24,13,3,ind_bdq_digex,5/3/2022
9711293374,email_youtube_marketing_92,open_link,new_course_added,100,23,12,1,ind_bdq_digex,5/5/2022
7104026223,email_podcasting_119,open_link,marketing,98,20,15,3,ind_vtz_digex,5/6/2022
5370900124,email_podcasting_151,open_link,new_course_added,99,22,12,2,ind_vtz_digex,5/4/2022
2508533912,email_youtube_marketing_158,open_link,marketing,99,25,14,1,ind_vtz_digex,5/2/2022
9642032716,email_email_marketing_56,register_to_course,marketing,98,25,10,4,ind_vtz_digex,5/2/2022
8096981986,email_youtube_marketing_4,register_to_course,marketing,100,24,13,3,ind_bdq_digex,5/6/2022
8344895618,email_podcasting_52,click_on_email,new_course_added,100,20,13,3,ind_bdq_digex,5/1/2022
2026817847,email_podcasting_164,open_link,new_course_added,99,24,12,2,ind_stv_digex,5/8/2022
5803201197,email_copywriting_115,register_to_course,marketing,99,25,11,4,ind_vtz_digex,5/1/2022
7787593113,email_podcasting_45,register_to_course,new_course_added,98,24,10,1,ind_vtz_digex,5/2/2022
9283719409,email_youtube_marketing_99,open_link,marketing,98,24,12,4,ind_vtz_digex,5/1/2022
6303085849,email_youtube_marketing_105,open_link,new_course_added,99,25,11,3,ind_bdq_digex,5/1/2022
8546610029,email_email_marketing_126,open_link,marketing,100,24,15,4,ind_vtz_digex,5/3/2022
9049932215,email_youtube_marketing_153,click_on_email,marketing,100,23,11,2,ind_ixc_digex,5/2/2022
4797188693,email_podcasting_92,click_on_email,new_course_added,98,23,12,3,ind_vtz_digex,5/8/2022
3021842968,email_podcasting_86,register_to_course,new_course_added,99,21,14,1,ind_stv_digex,5/4/2022
3414659301,email_podcasting_53,click_on_email,new_course_added,98,22,15,2,ind_vtz_digex,5/5/2022
6281651030,email_podcasting_37,click_on_email,new_course_added,98,24,10,2,ind_bdq_digex,5/2/2022
2170121781,email_youtube_marketing_197,open_link,marketing,100,24,12,1,ind_vtz_digex,5/7/2022
3944319842,email_youtube_marketing_193,register_to_course,new_course_added,100,24,14,4,ind_vtz_digex,5/3/2022
3524141668,email_youtube_marketing_38,open_link,marketing,100,24,14,3,ind_vtz_digex,5/2/2022
5606985934,email_podcasting_26,register_to_course,marketing,99,20,11,3,ind_vtz_digex,5/4/2022
3690964326,email_podcasting_136,register_to_course,marketing,98,22,12,2,ind_bdq_digex,5/6/2022
8136490848,email_podcasting_16,register_to_course,new_course_added,98,24,14,4,ind_vtz_digex,5/3/2022
6101859819,email_copywriting_154,open_link,marketing,98,24,10,3,ind_vtz_digex,5/4/2022
0683239368,email_google_analytics_25,open_link,marketing,98,22,13,1,ind_bdq_digex,5/4/2022
9324140019,email_podcasting_166,open_link,new_course_added,100,21,14,3,ind_bdq_digex,5/8/2022
5006935073,email_podcasting_167,register_to_course,new_course_added,100,25,10,2,ind_vtz_digex,5/8/2022
2753739617,email_podcasting_47,click_on_email,new_course_added,98,20,12,2,ind_vtz_digex,5/7/2022
8474770181,email_podcasting_64,click_on_email,marketing,99,20,10,1,ind_bdq_digex,5/6/2022
1106756967,email_podcasting_184,open_link,new_course_added,100,20,11,1,ind_vtz_digex,5/1/2022
6537871166,email_copywriting_173,open_link,marketing,98,24,11,2,ind_ixc_digex,5/3/2022
5111838147,email_email_marketing_182,click_on_email,marketing,99,22,10,2,ind_vtz_digex,5/3/2022
8786798987,email_podcasting_189,open_link,marketing,100,21,10,3,ind_bdq_digex,5/4/2022
4388109908,email_podcasting_92,register_to_course,new_course_added,100,24,15,1,ind_vtz_digex,5/2/2022
8062307263,email_podcasting_129,click_on_email,marketing,99,23,15,4,ind_del_digex,5/8/2022
6020649679,email_youtube_marketing_7,register_to_course,new_course_added,100,20,11,4,ind_bdq_digex,5/3/2022
9465754307,email_email_marketing_135,click_on_email,marketing,99,23,14,4,ind_stv_digex,5/6/2022
7247287977,email_copywriting_184,open_link,new_course_added,99,21,15,3,ind_vtz_digex,5/6/2022
2415473693,email_podcasting_100,open_link,new_course_added,100,24,10,1,ind_vtz_digex,5/7/2022
0389424889,email_podcasting_111,register_to_course,new_course_added,98,22,12,2,ind_vtz_digex,5/5/2022
4889120297,email_youtube_marketing_13,register_to_course,new_course_added,98,21,11,1,ind_vtz_digex,5/7/2022
9642521911,email_podcasting_6,click_on_email,new_course_added,98,22,11,4,ind_bdq_digex,5/7/2022
3007216818,email_email_marketing_9,open_link,marketing,98,21,14,1,ind_bdq_digex,5/7/2022
7003469332,email_social_media_marketing_9,open_link,marketing,99,22,14,1,ind_vtz_digex,5/3/2022
6753605673,email_podcasting_44,open_link,new_course_added,100,20,11,4,ind_vtz_digex,5/6/2022
2107741980,email_email_marketing_162,click_on_email,marketing,100,25,11,2,ind_stv_digex,5/2/2022
1726623203,email_youtube_marketing_11,open_link,new_course_added,99,24,11,3,ind_vtz_digex,5/7/2022
7248482838,email_email_marketing_103,open_link,new_course_added,100,21,15,2,ind_vtz_digex,5/7/2022
1435410920,email_google_analytics_132,click_on_email,new_course_added,98,22,12,2,ind_bdq_digex,5/4/2022
3940472085,email_youtube_marketing_59,open_link,new_course_added,99,22,13,4,ind_vtz_digex,5/8/2022
8296515911,email_copywriting_42,open_link,marketing,98,22,10,3,ind_bdq_digex,5/2/2022
7484491772,email_youtube_marketing_164,register_to_course,new_course_added,100,20,11,2,ind_vtz_digex,5/6/2022
3024352600,email_youtube_marketing_35,open_link,marketing,98,21,15,2,ind_stv_digex,5/6/2022
3203295954,email_internet_marketing_34,register_to_course,marketing,100,20,11,3,ind_vtz_digex,5/3/2022
3396756207,email_podcasting_170,open_link,new_course_added,98,20,13,4,ind_vtz_digex,5/5/2022
8484751546,email_podcasting_71,open_link,marketing,100,22,11,1,ind_stv_digex,5/1/2022
7238411628,email_podcasting_131,open_link,new_course_added,98,21,15,1,ind_ixc_digex,5/5/2022
4820046632,email_youtube_marketing_92,open_link,new_course_added,99,24,12,4,ind_bdq_digex,5/8/2022
1328599582,email_podcasting_106,click_on_email,marketing,99,23,10,3,ind_stv_digex,5/6/2022
0725773553,email_email_marketing_49,open_link,new_course_added,100,20,12,1,ind_pat_digex,5/3/2022
8358416261,email_email_marketing_52,open_link,marketing,100,24,14,1,ind_bdq_digex,5/2/2022
4945298521,email_email_marketing_44,click_on_email,new_course_added,99,25,13,1,ind_myq_digex,5/6/2022
8809734335,email_podcasting_174,register_to_course,marketing,99,25,11,1,ind_ccu_digex,5/4/2022
0626915023,email_podcasting_185,click_on_email,marketing,99,25,15,4,ind_bdq_digex,5/1/2022
2972381963,email_copywriting_161,register_to_course,new_course_added,99,21,14,4,ind_pat_digex,5/8/2022
1281251836,email_podcasting_75,open_link,marketing,100,23,15,3,ind_vtz_digex,5/7/2022
9114433931,email_podcasting_115,register_to_course,new_course_added,99,22,14,3,ind_vtz_digex,5/6/2022
0510340598,email_youtube_marketing_162,open_link,marketing,99,23,10,4,ind_bdq_digex,5/2/2022
6222439403,email_youtube_marketing_174,open_link,marketing,100,20,14,3,ind_bdq_digex,5/4/2022
2158261331,email_podcasting_145,open_link,marketing,98,20,10,3,ind_vtz_digex,5/5/2022
1111670420,email_youtube_marketing_80,open_link,new_course_added,100,24,10,1,ind_stv_digex,5/7/2022
8160410689,email_podcasting_60,open_link,marketing,99,21,13,1,ind_myq_digex,5/4/2022
5810423116,email_podcasting_12,open_link,new_course_added,98,21,10,1,ind_bdq_digex,5/4/2022
6001188742,email_email_marketing_129,register_to_course,marketing,98,21,13,2,ind_stv_digex,5/6/2022
4893582380,email_youtube_marketing_194,open_link,new_course_added,99,24,11,4,ind_bdq_digex,5/1/2022
4823113713,email_youtube_marketing_23,open_link,marketing,98,22,15,4,ind_vtz_digex,5/2/2022
3027148923,email_podcasting_70,open_link,new_course_added,100,23,11,4,ind_vtz_digex,5/4/2022
